away team,home team,game date (Pacific)
Notre Dame Fighting Irish,Duquesne Dukes,2026-09-12
Marist Red Foxes,Bryant Bulldogs,2026-09-12
Saint Louis Billikens,Bowling Green Falcons,2026-09-12
Florida A&M Rattlers,Hampton Pirates,2026-09-12
Cornell Big Red,Temple Owls,2026-09-12
Gardner-Webb Runnin' Bulldogs,Mercer Bears,2026-09-12
Central Connecticut Blue Devils,NJIT Highlanders,2026-09-12
Montana Grizzlies,UAB Blazers,2026-09-12
Stetson Hatters,Campbell Fighting Camels,2026-09-12
Arkansas State Red Wolves,Wichita State Shockers,2026-09-12
Columbia Lions,Kent State Golden Flashes,2026-09-12
UNC Asheville Bulldogs,Norfolk State Spartans,2026-09-12
Cal State Fullerton Titans,The Citadel Bulldogs,2026-09-12
Delaware State Hornets,Bucknell Bison,2026-09-12
Holy Cross Crusaders,Manhattan Jaspers,2026-09-12
Valparaiso VALPARAISO,Akron Zips,2026-09-12
Houston Cougars,Purdue Boilermakers,2026-09-12
Buffalo Bulls,Chattanooga Mocs,2026-09-12
East Texas A&M Lions,Gonzaga Bulldogs,2026-09-12
Radford Highlanders,Utah Valley Wolverines,2026-09-12
Baylor Bears,New Mexico Lobos,2026-09-12
Howard Bison,Arkansas Razorbacks,2026-09-12
North Texas Mean Green,Texas State Bobcats,2026-09-12
Davidson Wildcats,UNC Greensboro Spartans,2026-09-12
George Mason Patriots,Morgan State Bears,2026-09-12
Marshall Thundering Herd,Belmont Bruins,2026-09-12
Miami (OH) RedHawks,South Carolina State Bulldogs,2026-09-12
Fordham Rams,Merrimack Warriors,2026-09-12
Austin Peay Governors,Xavier Musketeers,2026-09-12
Chicago State Cougars,Arkansas-Pine Bluff Golden Lions,2026-09-12
Dayton Flyers,TCU Horned Frogs,2026-09-12
Central Michigan Chippewas,Auburn Tigers,2026-09-12
Boston College Eagles,Alcorn State Braves,2026-09-12
New Haven Chargers,Binghamton Bearcats,2026-09-12
Alabama A&M Bulldogs,Loyola Chicago Ramblers,2026-09-12
Denver Pioneers,Sam Houston Bearkats,2026-09-12
Saint Mary's Gaels,Sacramento State Hornets,2026-09-12
St. John's Red Storm,NJIT Highlanders,2026-09-12
Seton Hall Pirates,Princeton Tigers,2026-09-12
Pepperdine Waves,James Madison Dukes,2026-09-12
Northern Colorado Bears,Georgia State Panthers,2026-09-12
Northern Kentucky Norse,Charleston Cougars,2026-09-12
Harvard Crimson,UNC Wilmington Seahawks,2026-09-12
Iowa State Cyclones,American University Eagles,2026-09-12
Liberty Flames,Fairfield Stags,2026-09-12
Coppin State Eagles,Cleveland State Vikings,2026-09-12
Youngstown State Penguins,Winthrop Eagles,2026-09-12
Ball State Cardinals,Furman Paladins,2026-09-12
Tennessee Tech Golden Eagles,Little Rock Trojans,2026-09-12
Portland Pilots,Montana State Bobcats,2026-09-12
Southern Jaguars,Southern Miss Golden Eagles,2026-09-12
Miami Hurricanes,St. Thomas Tommies,2026-09-12
Charlotte 49ers,Texas Southern Tigers,2026-09-12
Stonehill Skyhawks,Providence Friars,2026-09-12
LSU New Orleans Privateers,Gardner-Webb Runnin' Bulldogs,2026-09-12
SMU Mustangs,Kentucky Wildcats,2026-09-12
Louisville Cardinals,Creighton Bluejays,2026-09-12
Missouri State Bears,Iowa Hawkeyes,2026-09-12
Michigan State Spartans,Morehead State Eagles,2026-09-12
New Hampshire Wildcats,Yale Bulldogs,2026-09-12
North Florida Ospreys,App State Mountaineers,2026-09-12
Presbyterian Blue Hose,Queens University Royals,2026-09-12
East Carolina Pirates,East Tennessee State Buccaneers,2026-09-12
IU Indianapolis Jaguars,UTSA Roadrunners,2026-09-12
Virginia Cavaliers,UCF Knights,2026-09-12
Omaha Mavericks,Grand Canyon Lopes,2026-09-12
South Dakota Coyotes,UC Santa Barbara Gauchos,2026-09-12
Idaho Vandals,California Baptist Lancers,2026-09-12
Butler Bulldogs,Bellarmine Knights,2026-09-12
Dartmouth Big Green,Northeastern Huskies,2026-09-12
Bethune-Cookman Wildcats,Charleston Southern Buccaneers,2026-09-12
Bucknell Bison,Siena Saints,2026-09-12
McNeese Cowboys,Louisiana Tech Bulldogs,2026-09-12
Maryland Eastern Shore Hawks,Navy Midshipmen,2026-09-12
Purdue Fort Wayne Mastodons,Western Illinois Leathernecks,2026-09-12
Wright State Raiders,Jacksonville Dolphins,2026-09-12
Louisiana Ragin' Cajuns,Florida International Panthers,2026-09-12
Niagara Purple Eagles,Mercyhurst Lakers,2026-09-12
Florida Atlantic Owls,Troy Trojans,2026-09-12
Mississippi Valley State Delta Devils,UL Monroe Warhawks,2026-09-12
Northwestern State Demons,Grambling Tigers,2026-09-12
Drake Bulldogs,Kansas City Kangaroos,2026-09-12
Georgia Tech Yellow Jackets,Nebraska Cornhuskers,2026-09-12
Coastal Carolina Chanticleers,Tennessee Volunteers,2026-09-12
Eastern Washington Eagles,Boise State Broncos,2026-09-12
Delaware Blue Hens,Stony Brook Seawolves,2026-09-12
Kennesaw State Owls,Tulane Green Wave,2026-09-12
Northern Illinois Huskies,SIU Edwardsville Cougars,2026-09-12
Eastern Michigan Eagles,Oakland Golden Grizzlies,2026-09-12
Abilene Christian Wildcats,Oral Roberts Golden Eagles,2026-09-12
UT Arlington Mavericks,Stephen F. Austin Lumberjacks,2026-09-12
Nicholls Colonels,Alabama State Hornets,2026-09-12
Idaho State Bengals,Air Force Falcons,2026-09-12
Stonehill Skyhawks,Manhattan Jaspers,2026-09-12
Texas A&M-Corpus Christi Islanders,Tarleton State Texans,2026-09-12
Lamar Cardinals,Jackson State Tigers,2026-09-12
Oregon Ducks,UC Davis Aggies,2026-09-12
South Carolina Gamecocks,Wofford Terriers,2026-09-12
Fordham Rams,Bryant Bulldogs,2026-09-12
George Washington Revolutionaries,UMBC Retrievers,2026-09-12
Southern Indiana Screaming Eagles,Ohio State Buckeyes,2026-09-12
Mississippi State Bulldogs,Memphis Tigers,2026-09-12
Cal State Bakersfield Roadrunners,Santa Clara Broncos,2026-09-12
Loyola Marymount Lions,Brown Bears,2026-09-12
Seton Hall Pirates,Saint Peter's Peacocks,2026-09-12
Utah Tech Trailblazers,UC Irvine Anteaters,2026-09-12
Loyola Maryland Greyhounds,Georgetown Hoyas,2026-09-12
Robert Morris Colonials,Towson Tigers,2026-09-12
New Haven Chargers,Cornell Big Red,2026-09-12
Murray State Racers,Middle Tennessee Blue Raiders,2026-09-12
Eastern Kentucky Colonels,Western Kentucky Hilltoppers,2026-09-12
Mercer Bears,West Georgia Wolves,2026-09-12
Fresno State Bulldogs,UNLV Rebels,2026-09-12
High Point Panthers,Pittsburgh Panthers,2026-09-12
Wichita State Shockers,Missouri Tigers,2026-09-12
Northern Iowa Panthers,Rice Owls,2026-09-12
Tulsa Golden Hurricane,South Dakota State Jackrabbits,2026-09-12
Saint Louis Billikens,Austin Peay Governors,2026-09-12
Georgia Southern Eagles,Wake Forest Demon Deacons,2026-09-12
Southern Utah Thunderbirds,Washington State Cougars,2026-09-12
Fairleigh Dickinson Knights,UConn Huskies,2026-09-12
Tennessee State Tigers,Evansville Purple Aces,2026-09-12
Western Michigan Broncos,DePaul Blue Demons,2026-09-12
Furman Paladins,Campbell Fighting Camels,2026-09-12
Western Carolina Catamounts,William & Mary Tribe,2026-09-12
Army Black Knights,Hofstra Pride,2026-09-12
Jacksonville State Gamecocks,North Alabama Lions,2026-09-12
Green Bay Phoenix,Virginia Tech Hokies,2026-09-12
UAlbany Great Danes,Colgate Raiders,2026-09-12
Le Moyne Dolphins,Delaware State Hornets,2026-09-12
UC San Diego Tritons,UTEP Miners,2026-09-12
Holy Cross Crusaders,Providence Friars,2026-09-12
Michigan Wolverines,South Florida Bulls,2026-09-12
Oregon State Beavers,Arizona Wildcats,2026-09-12
Davidson Wildcats,North Carolina A&T Aggies,2026-09-12
St. John's Red Storm,Iona Gaels,2026-09-12
Belmont Bruins,Duke Blue Devils,2026-09-12
Lindenwood Lions,Illinois State Redbirds,2026-09-12
South Carolina Upstate Spartans,Elon Phoenix,2026-09-12
Quinnipiac Bobcats,Pennsylvania Quakers,2026-09-12
Rider Broncs,Rutgers Scarlet Knights,2026-09-12
North Carolina Central Eagles,UNC Greensboro Spartans,2026-09-12
Jackson State Tigers,Southern Miss Golden Eagles,2026-09-12
Ohio Bobcats,Penn State Nittany Lions,2026-09-12
Georgia Bulldogs,South Alabama Jaguars,2026-09-12
Princeton Tigers,Maryland Terrapins,2026-09-12
Florida Gulf Coast Eagles,Arkansas State Red Wolves,2026-09-12
California Golden Bears,San Diego State Aztecs,2026-09-12
San José State Spartans,Long Beach State 49ers,2026-09-12
Central Michigan Chippewas,UIC Flames,2026-09-12
Bowling Green Falcons,Xavier Musketeers,2026-09-12
San Diego Toreros,Arizona State Sun Devils,2026-09-12
Rhode Island Rams,Lafayette Leopards,2026-09-12
San Francisco Dons,Cal State Northridge Matadors,2026-09-12
Pacific Tigers,New Mexico State Aggies,2026-09-12
Long Island University Sharks,Northwestern Wildcats,2026-09-12
Colorado Buffaloes,USC Trojans,2026-09-12
Colorado State Rams,Wyoming Cowboys,2026-09-12
TBD TBD,Kentucky Wildcats,2026-09-12
TBD TBD,SMU Mustangs,2026-09-12
TBD TBD,Purdue Boilermakers,2026-09-12
North Florida Ospreys,William & Mary Tribe,2026-09-13
Rhode Island Rams,Pennsylvania Quakers,2026-09-13
High Point Panthers,Jacksonville Dolphins,2026-09-13
Winthrop Eagles,Southern Indiana Screaming Eagles,2026-09-13
East Carolina Pirates,Georgia Southern Eagles,2026-09-13
Florida International Panthers,Florida State Seminoles,2026-09-13
Long Island University Sharks,Virginia Tech Hokies,2026-09-13
Wright State Raiders,Pittsburgh Panthers,2026-09-13
Stanford Cardinal,Ohio Bobcats,2026-09-13
Louisville Cardinals,Northern Iowa Panthers,2026-09-13
Troy Trojans,Florida Gators,2026-09-13
Kennesaw State Owls,Georgia Bulldogs,2026-09-13
Florida Gulf Coast Eagles,Missouri Tigers,2026-09-13
Belmont Bruins,NC State Wolfpack,2026-09-13
Notre Dame Fighting Irish,Charleston Cougars,2026-09-13
Saint Peter's Peacocks,Maryland Terrapins,2026-09-13
Dayton Flyers,Florida Atlantic Owls,2026-09-13
Yale Bulldogs,UConn Huskies,2026-09-13
Dartmouth Big Green,Colgate Raiders,2026-09-13
Canisius Golden Griffins,Syracuse Orange,2026-09-13
Pacific Tigers,UC San Diego Tritons,2026-09-13
Quinnipiac Bobcats,Lafayette Leopards,2026-09-13
St. Thomas Tommies,Minnesota Golden Gophers,2026-09-13
North Carolina Tar Heels,Vanderbilt Commodores,2026-09-13
Georgetown Hoyas,UMBC Retrievers,2026-09-13
Youngstown State Penguins,Ohio State Buckeyes,2026-09-13
George Mason Patriots,Loyola Maryland Greyhounds,2026-09-13
East Tennessee State Buccaneers,Wake Forest Demon Deacons,2026-09-13
San Francisco Dons,UNLV Rebels,2026-09-13
Howard Bison,Towson Tigers,2026-09-13
Western Carolina Catamounts,App State Mountaineers,2026-09-13
Maryland Eastern Shore Hawks,Old Dominion Monarchs,2026-09-13
George Washington Revolutionaries,Morgan State Bears,2026-09-13
Purdue Fort Wayne Mastodons,Illinois State Redbirds,2026-09-13
Wisconsin Badgers,Texas Longhorns,2026-09-13
Tulsa Golden Hurricane,Kansas Jayhawks,2026-09-13
Auburn Tigers,DePaul Blue Demons,2026-09-13
LSU Tigers,SE Louisiana Lions,2026-09-13
Clemson Tigers,Wofford Terriers,2026-09-13
Abilene Christian Wildcats,Oklahoma Sooners,2026-09-13
San José State Spartans,UC Irvine Anteaters,2026-09-13
Western Michigan Broncos,UIC Flames,2026-09-13
Creighton Bluejays,Rice Owls,2026-09-13
Marquette Golden Eagles,Illinois Fighting Illini,2026-09-13
Kansas State Wildcats,Nevada Wolf Pack,2026-09-13
Northeastern Huskies,UAlbany Great Danes,2026-09-13
Cal State Bakersfield Roadrunners,San Diego State Aztecs,2026-09-13
Green Bay Phoenix,Northwestern Wildcats,2026-09-13
Rhode Island Rams,Quinnipiac Bobcats,2026-09-13
Oregon State Beavers,USC Trojans,2026-09-13
Oregon Ducks,San Diego Toreros,2026-09-13
Washington State Cougars,Washington Huskies,2026-09-13
Fresno State Bulldogs,Cal State Northridge Matadors,2026-09-13
Jacksonville State Gamecocks,Samford Bulldogs,2026-09-13
Tulane Green Wave,South Alabama Jaguars,2026-09-13
Loyola Marymount Lions,Long Beach State 49ers,2026-09-13
Pennsylvania Quakers,Lafayette Leopards,2026-09-13
UCLA Bruins,Utah Utes,2026-09-13
California Golden Bears,Santa Clara Broncos,2026-09-13
North Alabama Lions,Florida State Seminoles,2026-09-14
George Washington Revolutionaries,Virginia Cavaliers,2026-09-15
Tennessee Volunteers,Queens University Royals,2026-09-15
South Carolina Gamecocks,East Tennessee State Buccaneers,2026-09-15
App State Mountaineers,NC State Wolfpack,2026-09-15
Oakland Golden Grizzlies,Michigan State Spartans,2026-09-15
Western Carolina Catamounts,UNC Asheville Bulldogs,2026-09-15
Manhattan Jaspers,Central Connecticut Blue Devils,2026-09-15
Radford Highlanders,North Carolina Central Eagles,2026-09-15
Marshall Thundering Herd,Eastern Kentucky Colonels,2026-09-15
Coastal Carolina Chanticleers,Duke Blue Devils,2026-09-15
Florida A&M Rattlers,Mercer Bears,2026-09-15
Bowie State Bulldogs,Norfolk State Spartans,2026-09-15
Ball State Cardinals,Cincinnati Bearcats,2026-09-15
Villanova Wildcats,Penn State Nittany Lions,2026-09-15
Stephen F. Austin Lumberjacks,Texas A&M Aggies,2026-09-15
Kansas Jayhawks,Wichita State Shockers,2026-09-15
Ole Miss Rebels,Memphis Tigers,2026-09-15
Tarleton State Texans,Texas Tech Red Raiders,2026-09-15
Omaha Mavericks,Drake Bulldogs,2026-09-15
Evansville Purple Aces,UT Martin Skyhawks,2026-09-15
East Texas A&M Lions,Oklahoma Sooners,2026-09-15
Harvard Crimson,Merrimack Warriors,2026-09-15
Holy Cross Crusaders,Stonehill Skyhawks,2026-09-15
Fairleigh Dickinson Knights,Sacred Heart Pioneers,2026-09-15
Lamar Cardinals,Prairie View A&M Panthers,2026-09-15
Louisiana Tech Bulldogs,Northwestern State Demons,2026-09-15
Louisiana Ragin' Cajuns,SE Louisiana Lions,2026-09-15
Utah State Aggies,Weber State Wildcats,2026-09-15
Utah Valley Wolverines,BYU Cougars,2026-09-15
Cal State Bakersfield Roadrunners,Saint Mary's Gaels,2026-09-15
Manhattan Jaspers,Bryant Bulldogs,2026-09-16
Creighton Bluejays,Nebraska Cornhuskers,2026-09-16
Louisville Cardinals,Western Kentucky Hilltoppers,2026-09-16
Illinois Fighting Illini,Eastern Illinois Panthers,2026-09-16
Butler Bulldogs,IU Indianapolis Jaguars,2026-09-16
Rider Broncs,Pennsylvania Quakers,2026-09-16
Tennessee State Tigers,Austin Peay Governors,2026-09-16
Little Rock Trojans,Southeast Missouri State Redhawks,2026-09-16
Alcorn State Braves,Alabama Crimson Tide,2026-09-16
UTEP Miners,TCU Horned Frogs,2026-09-16
Grambling Tigers,Nicholls Colonels,2026-09-16
Incarnate Word Cardinals,Baylor Bears,2026-09-16
Air Force Falcons,Denver Pioneers,2026-09-16
Drake Bulldogs,Iowa Hawkeyes,2026-09-16
California Golden Bears,UC Davis Aggies,2026-09-16
Maryland Terrapins,Campbell Fighting Camels,2026-09-17
Texas Southern Tigers,San Francisco Dons,2026-09-17
Samford Bulldogs,South Alabama Jaguars,2026-09-17
Air Force Falcons,Utah Utes,2026-09-17
East Texas A&M Lions,West Virginia Mountaineers,2026-09-17
Cal State Fullerton Titans,Tulane Green Wave,2026-09-17
Stanford Cardinal,Arizona State Sun Devils,2026-09-17
Wake Forest Demon Deacons,North Carolina A&T Aggies,2026-09-17
North Dakota State Bison,Montana Grizzlies,2026-09-17
UAlbany Great Danes,Purdue Boilermakers,2026-09-17
Furman Paladins,Clemson Tigers,2026-09-17
VCU Rams,Delaware Blue Hens,2026-09-17
Seton Hall Pirates,NJIT Highlanders,2026-09-17
Georgetown Hoyas,Howard Bison,2026-09-17
Cal State Bakersfield Roadrunners,Portland Pilots,2026-09-17
Kennesaw State Owls,Georgia Southern Eagles,2026-09-17
North Alabama Lions,Liberty Flames,2026-09-17
Cleveland State Vikings,Kent State Golden Flashes,2026-09-17
Youngstown State Penguins,Akron Zips,2026-09-17
Central Connecticut Blue Devils,Fairfield Stags,2026-09-17
Northwestern Wildcats,Ball State Cardinals,2026-09-17
Boise State Broncos,Wyoming Cowboys,2026-09-17
Montana State Bobcats,Mercer Bears,2026-09-17
Wofford Terriers,High Point Panthers,2026-09-17
South Carolina Upstate Spartans,Western Carolina Catamounts,2026-09-17
LSU Tigers,Miami Hurricanes,2026-09-17
UAB Blazers,Auburn Tigers,2026-09-17
Vanderbilt Commodores,Belmont Bruins,2026-09-17
Eastern Michigan Eagles,Michigan Wolverines,2026-09-17
Charlotte 49ers,Queens University Royals,2026-09-17
Old Dominion Monarchs,East Carolina Pirates,2026-09-17
Southern Miss Golden Eagles,Memphis Tigers,2026-09-17
UTSA Roadrunners,Houston Christian Huskies,2026-09-17
UIC Flames,Loyola Chicago Ramblers,2026-09-17
Oklahoma Sooners,Western Kentucky Hilltoppers,2026-09-17
Jacksonville State Gamecocks,Alabama Crimson Tide,2026-09-17
Louisiana Tech Bulldogs,Abilene Christian Wildcats,2026-09-17
Mississippi State Bulldogs,Louisiana Ragin' Cajuns,2026-09-17
Murray State Racers,Troy Trojans,2026-09-17
Grambling Tigers,McNeese Cowboys,2026-09-17
SMU Mustangs,Rice Owls,2026-09-17
Missouri State Bears,Kansas City Kangaroos,2026-09-17
Idaho Vandals,LSU New Orleans Privateers,2026-09-17
Marquette Golden Eagles,Wisconsin Badgers,2026-09-17
BYU Cougars,Weber State Wildcats,2026-09-17
Tarleton State Texans,North Texas Mean Green,2026-09-17
Denver Pioneers,Northern Colorado Bears,2026-09-17
Incarnate Word Cardinals,UTEP Miners,2026-09-17
Chicago State Cougars,UC Riverside Highlanders,2026-09-17
Colorado State Rams,Colorado Buffaloes,2026-09-17
Portland State Vikings,Oregon Ducks,2026-09-17
Cal State Northridge Matadors,Loyola Marymount Lions,2026-09-17
Seattle U Redhawks,Gonzaga Bulldogs,2026-09-17
Nevada Wolf Pack,Eastern Washington Eagles,2026-09-17
Pacific Tigers,Idaho State Bengals,2026-09-17
Northern Arizona Lumberjacks,California Baptist Lancers,2026-09-17
Utah Valley Wolverines,Utah State Aggies,2026-09-17
New Mexico Lobos,Saint Mary's Gaels,2026-09-17
Arizona Wildcats,San Diego Toreros,2026-09-17
Santa Clara Broncos,Cal Poly Mustangs,2026-09-17
Long Beach State 49ers,Washington State Cougars,2026-09-17
Nicholls Colonels,Alabama Crimson Tide,2026-09-17
Bryant Bulldogs,Rutgers Scarlet Knights,2026-09-18
Indiana State Sycamores,Stonehill Skyhawks,2026-09-18
Columbia Lions,Purdue Fort Wayne Mastodons,2026-09-18
Morgan State Bears,Ohio Bobcats,2026-09-18
Norfolk State Spartans,Bellarmine Knights,2026-09-18
Tennessee Tech Golden Eagles,App State Mountaineers,2026-09-18
North Florida Ospreys,Fordham Rams,2026-09-18
Saint Louis Billikens,Southeast Missouri State Redhawks,2026-09-18
Southern Illinois Salukis,SIU Edwardsville Cougars,2026-09-18
Charleston Southern Buccaneers,Georgia State Panthers,2026-09-18
New Mexico State Aggies,Lindenwood Lions,2026-09-18
Sam Houston Bearkats,UL Monroe Warhawks,2026-09-18
Jacksonville Dolphins,Alabama A&M Bulldogs,2026-09-18
Alabama State Hornets,Florida Atlantic Owls,2026-09-18
Siena Saints,Maryland Eastern Shore Hawks,2026-09-18
Murray State Racers,The Citadel Bulldogs,2026-09-18
Yale Bulldogs,TCU Horned Frogs,2026-09-18
New Hampshire Wildcats,Furman Paladins,2026-09-18
Texas Tech Red Raiders,Iowa Hawkeyes,2026-09-18
Florida A&M Rattlers,Cal State Fullerton Titans,2026-09-18
Navy Midshipmen,Colgate Raiders,2026-09-18
UT Arlington Mavericks,Jackson State Tigers,2026-09-18
New Haven Chargers,NJIT Highlanders,2026-09-18
Valparaiso VALPARAISO,Le Moyne Dolphins,2026-09-18
UNC Asheville Bulldogs,Mercyhurst Lakers,2026-09-18
Missouri Tigers,Dayton Flyers,2026-09-18
UTSA Roadrunners,Houston Cougars,2026-09-18
Loyola Chicago Ramblers,DePaul Blue Demons,2026-09-18
Pennsylvania Quakers,St. John's Red Storm,2026-09-18
UCF Knights,UAlbany Great Danes,2026-09-18
Southern Jaguars,Jacksonville State Gamecocks,2026-09-18
Presbyterian Blue Hose,Eastern Kentucky Colonels,2026-09-18
Chattanooga Mocs,Radford Highlanders,2026-09-18
Arkansas-Pine Bluff Golden Lions,UT Martin Skyhawks,2026-09-18
UT Rio Grande Valley Vaqueros,Bradley Braves,2026-09-18
Central Michigan Chippewas,Florida International Panthers,2026-09-18
Drake Bulldogs,Wright State Raiders,2026-09-18
Old Dominion Monarchs,Campbell Fighting Camels,2026-09-18
Northeastern Huskies,Towson Tigers,2026-09-18
Gardner-Webb Runnin' Bulldogs,Austin Peay Governors,2026-09-18
Marist Red Foxes,Oakland Golden Grizzlies,2026-09-18
Central Arkansas Bears,West Florida Argonauts,2026-09-18
North Dakota Fighting Hawks,Lamar Cardinals,2026-09-18
Rhode Island Rams,Merrimack Warriors,2026-09-18
Prairie View A&M Panthers,Stephen F. Austin Lumberjacks,2026-09-18
Binghamton Bearcats,Dartmouth Big Green,2026-09-18
George Mason Patriots,Delaware State Hornets,2026-09-18
Seton Hall Pirates,Iona Gaels,2026-09-18
Montana State Bobcats,Charleston Southern Buccaneers,2026-09-18
St. Thomas Tommies,Western Michigan Broncos,2026-09-18
Texas State Bobcats,Houston Christian Huskies,2026-09-18
Jackson State Tigers,Mississippi State Bulldogs,2026-09-18
Tulsa Golden Hurricane,LSU Tigers,2026-09-18
VCU Rams,Delaware Blue Hens,2026-09-18
Wofford Terriers,Wake Forest Demon Deacons,2026-09-18
Rutgers Scarlet Knights,Pennsylvania Quakers,2026-09-18
Central Connecticut Blue Devils,Middle Tennessee Blue Raiders,2026-09-18
West Georgia Wolves,Arkansas-Pine Bluff Golden Lions,2026-09-18
Presbyterian Blue Hose,App State Mountaineers,2026-09-18
Morgan State Bears,Mercyhurst Lakers,2026-09-18
Bellarmine Knights,Chattanooga Mocs,2026-09-18
UAB Blazers,South Alabama Jaguars,2026-09-18
Indiana State Sycamores,Columbia Lions,2026-09-18
Idaho Vandals,Florida A&M Rattlers,2026-09-18
Alabama A&M Bulldogs,Florida International Panthers,2026-09-18
Nicholls Colonels,Southern Jaguars,2026-09-18
Northwestern State Demons,Murray State Racers,2026-09-18
Washington Huskies,South Dakota State Jackrabbits,2026-09-18
Temple Owls,Princeton Tigers,2026-09-18
Fordham Rams,Kennesaw State Owls,2026-09-18
Denver Pioneers,Utah Utes,2026-09-18
Southern Illinois Salukis,Gardner-Webb Runnin' Bulldogs,2026-09-18
Stony Brook Seawolves,William & Mary Tribe,2026-09-18
UNC Wilmington Seahawks,Winthrop Eagles,2026-09-18
Eastern Michigan Eagles,Cornell Big Red,2026-09-18
Sacramento State Hornets,San José State Spartans,2026-09-18
UC Irvine Anteaters,SE Louisiana Lions,2026-09-18
North Dakota Fighting Hawks,Sam Houston Bearkats,2026-09-18
North Alabama Lions,Liberty Flames,2026-09-18
Missouri State Bears,Southeast Missouri State Redhawks,2026-09-18
Boise State Broncos,Pacific Tigers,2026-09-18
Southern Miss Golden Eagles,Little Rock Trojans,2026-09-18
Tarleton State Texans,East Texas A&M Lions,2026-09-18
Morehead State Eagles,Marshall Thundering Herd,2026-09-18
Seattle U Redhawks,Montana Grizzlies,2026-09-18
California Baptist Lancers,Texas Southern Tigers,2026-09-18
UT Rio Grande Valley Vaqueros,Lindenwood Lions,2026-09-18
South Florida Bulls,Penn State Nittany Lions,2026-09-18
Indiana Hoosiers,Coastal Carolina Chanticleers,2026-09-18
Virginia Tech Hokies,South Carolina Gamecocks,2026-09-18
Boston College Eagles,Quinnipiac Bobcats,2026-09-18
New Hampshire Wildcats,Clemson Tigers,2026-09-18
Ohio State Buckeyes,Virginia Cavaliers,2026-09-18
Cincinnati Bearcats,Xavier Musketeers,2026-09-18
Maryland Eastern Shore Hawks,Duquesne Dukes,2026-09-18
Coppin State Eagles,UConn Huskies,2026-09-18
Providence Friars,Harvard Crimson,2026-09-18
West Florida Argonauts,Texas Tech Red Raiders,2026-09-18
George Washington Revolutionaries,Georgetown Hoyas,2026-09-18
Hampton Pirates,Hofstra Pride,2026-09-18
American University Eagles,Holy Cross Crusaders,2026-09-18
Akron Zips,Cleveland State Vikings,2026-09-18
IU Indianapolis Jaguars,Northwestern Wildcats,2026-09-18
Siena Saints,Robert Morris Colonials,2026-09-18
Fairleigh Dickinson Knights,Syracuse Orange,2026-09-18
Kent State Golden Flashes,Youngstown State Penguins,2026-09-18
Le Moyne Dolphins,Canisius Golden Griffins,2026-09-18
Valparaiso VALPARAISO,Niagara Purple Eagles,2026-09-18
Bethune-Cookman Wildcats,South Carolina State Bulldogs,2026-09-18
Stetson Hatters,Florida Atlantic Owls,2026-09-18
Portland Pilots,Nevada Wolf Pack,2026-09-18
Georgia State Panthers,Mercer Bears,2026-09-18
UNC Greensboro Spartans,James Madison Dukes,2026-09-18
Western Carolina Catamounts,South Carolina Upstate Spartans,2026-09-18
Santa Clara Broncos,Stanford Cardinal,2026-09-18
Eastern Illinois Panthers,Notre Dame Fighting Irish,2026-09-18
Brown Bears,Fairfield Stags,2026-09-18
Louisiana Tech Bulldogs,Stephen F. Austin Lumberjacks,2026-09-18
Northern Kentucky Norse,Miami (OH) RedHawks,2026-09-18
Central Michigan Chippewas,Jacksonville Dolphins,2026-09-18
Florida Gators,Florida State Seminoles,2026-09-18
Ole Miss Rebels,Kansas Jayhawks,2026-09-18
Arkansas Razorbacks,Arkansas State Red Wolves,2026-09-18
Missouri Tigers,Toledo Rockets,2026-09-18
Duke Blue Devils,Butler Bulldogs,2026-09-18
Maryland Terrapins,East Carolina Pirates,2026-09-18
Drake Bulldogs,Michigan State Spartans,2026-09-18
Bryant Bulldogs,St. John's Red Storm,2026-09-18
Davidson Wildcats,Queens University Royals,2026-09-18
Wichita State Shockers,Northern Iowa Panthers,2026-09-18
Dayton Flyers,Bowling Green Falcons,2026-09-18
UMBC Retrievers,Villanova Wildcats,2026-09-18
North Carolina A&T Aggies,High Point Panthers,2026-09-18
UNC Asheville Bulldogs,Ohio Bobcats,2026-09-18
Loyola Maryland Greyhounds,Army Black Knights,2026-09-18
Bucknell Bison,Lafayette Leopards,2026-09-18
Stonehill Skyhawks,Purdue Fort Wayne Mastodons,2026-09-18
Western Illinois Leathernecks,Green Bay Phoenix,2026-09-18
UIC Flames,Northern Illinois Huskies,2026-09-18
Norfolk State Spartans,Radford Highlanders,2026-09-18
Tennessee Tech Golden Eagles,Eastern Kentucky Colonels,2026-09-18
UT Arlington Mavericks,Louisiana Ragin' Cajuns,2026-09-18
West Georgia Wolves,UT Martin Skyhawks,2026-09-18
Oral Roberts Golden Eagles,Grambling Tigers,2026-09-18
Texas A&M-Corpus Christi Islanders,UCLA Bruins,2026-09-18
Rice Owls,TCU Horned Frogs,2026-09-18
Texas State Bobcats,Houston Cougars,2026-09-18
Evansville Purple Aces,Southern Indiana Screaming Eagles,2026-09-18
Cal State Fullerton Titans,LSU New Orleans Privateers,2026-09-18
The Citadel Bulldogs,Troy Trojans,2026-09-18
North Carolina Tar Heels,Nebraska Cornhuskers,2026-09-18
Milwaukee Panthers,Wisconsin Badgers,2026-09-18
Minnesota Golden Gophers,South Dakota Coyotes,2026-09-18
Kansas State Wildcats,Creighton Bluejays,2026-09-18
UTEP Miners,Baylor Bears,2026-09-18
Colorado Buffaloes,Colorado State Rams,2026-09-18
Samford Bulldogs,Auburn Tigers,2026-09-18
Lipscomb Bisons,Vanderbilt Commodores,2026-09-18
West Virginia Mountaineers,North Texas Mean Green,2026-09-18
Northern Arizona Lumberjacks,San Francisco Dons,2026-09-18
Saint Louis Billikens,Kansas City Kangaroos,2026-09-18
Wyoming Cowboys,Idaho State Bengals,2026-09-18
Air Force Falcons,Northern Colorado Bears,2026-09-18
UC Riverside Highlanders,Utah Tech Trailblazers,2026-09-18
Jacksonville State Gamecocks,Nicholls Colonels,2026-09-18
New Mexico State Aggies,Bradley Braves,2026-09-18
SIU Edwardsville Cougars,Austin Peay Governors,2026-09-18
New Mexico Lobos,Fresno State Bulldogs,2026-09-18
Chicago State Cougars,Southern Utah Thunderbirds,2026-09-18
UL Monroe Warhawks,Lamar Cardinals,2026-09-18
Prairie View A&M Panthers,Abilene Christian Wildcats,2026-09-18
Arizona Wildcats,San Diego State Aztecs,2026-09-18
North Dakota State Bison,Gonzaga Bulldogs,2026-09-18
Cal State Bakersfield Roadrunners,Eastern Washington Eagles,2026-09-18
Portland State Vikings,Oregon State Beavers,2026-09-18
SE Louisiana Lions,UNLV Rebels,2026-09-18
Texas A&M-Corpus Christi Islanders,Hawai'i Rainbow Warriors,2026-09-18
Arizona State Sun Devils,Cal Poly Mustangs,2026-09-18
UC Davis Aggies,USC Trojans,2026-09-18
UC Santa Barbara Gauchos,Pepperdine Waves,2026-09-18
Long Beach State 49ers,Washington State Cougars,2026-09-18
Dayton Flyers,Toledo Rockets,2026-09-19
Middle Tennessee Blue Raiders,Brown Bears,2026-09-19
Stonehill Skyhawks,Columbia Lions,2026-09-19
Gardner-Webb Runnin' Bulldogs,SIU Edwardsville Cougars,2026-09-19
UNC Asheville Bulldogs,Morgan State Bears,2026-09-19
Central Michigan Chippewas,Alabama A&M Bulldogs,2026-09-19
Georgia State Panthers,Montana State Bobcats,2026-09-19
Alabama State Hornets,Stetson Hatters,2026-09-19
North Dakota Fighting Hawks,UL Monroe Warhawks,2026-09-19
Tennessee Tech Golden Eagles,Presbyterian Blue Hose,2026-09-19
Northwestern State Demons,The Citadel Bulldogs,2026-09-19
Missouri Tigers,Bowling Green Falcons,2026-09-19
Fordham Rams,Georgia Southern Eagles,2026-09-19
Merrimack Warriors,UConn Huskies,2026-09-19
Seton Hall Pirates,New Haven Chargers,2026-09-19
Idaho Vandals,Cal State Fullerton Titans,2026-09-19
Northern Arizona Lumberjacks,Texas Southern Tigers,2026-09-19
West Virginia Mountaineers,Tarleton State Texans,2026-09-19
North Carolina Central Eagles,UNC Wilmington Seahawks,2026-09-19
Northeastern Huskies,Towson Tigers,2026-09-19
Cornell Big Red,Michigan Wolverines,2026-09-19
New Mexico State Aggies,UT Rio Grande Valley Vaqueros,2026-09-19
UT Arlington Mavericks,Mississippi State Bulldogs,2026-09-19
West Georgia Wolves,UT Martin Skyhawks,2026-09-19
Southern Jaguars,Alabama Crimson Tide,2026-09-19
Chicago State Cougars,Utah Tech Trailblazers,2026-09-19
UCF Knights,Purdue Boilermakers,2026-09-19
South Florida Bulls,Tennessee Volunteers,2026-09-19
Florida Gulf Coast Eagles,North Carolina Tar Heels,2026-09-19
Maryland Terrapins,Old Dominion Monarchs,2026-09-19
Washington Huskies,South Dakota Coyotes,2026-09-19
Tulsa Golden Hurricane,Miami Hurricanes,2026-09-19
George Mason Patriots,UNC Greensboro Spartans,2026-09-19
Southeast Missouri State Redhawks,Kansas City Kangaroos,2026-09-19
Central Arkansas Bears,Texas Tech Red Raiders,2026-09-19
Hampton Pirates,Hofstra Pride,2026-09-19
Stony Brook Seawolves,William & Mary Tribe,2026-09-19
East Tennessee State Buccaneers,Western Kentucky Hilltoppers,2026-09-19
Maryland Eastern Shore Hawks,Robert Morris Colonials,2026-09-19
Chattanooga Mocs,Norfolk State Spartans,2026-09-19
Seattle U Redhawks,North Dakota State Bison,2026-09-19
Yale Bulldogs,SMU Mustangs,2026-09-19
NC State Wolfpack,Indiana Hoosiers,2026-09-19
Duke Blue Devils,Long Island University Sharks,2026-09-19
Bryant Bulldogs,Pennsylvania Quakers,2026-09-19
Ohio State Buckeyes,Virginia Cavaliers,2026-09-19
Little Rock Trojans,Memphis Tigers,2026-09-19
Wichita State Shockers,Northern Iowa Panthers,2026-09-19
Siena Saints,Duquesne Dukes,2026-09-19
Illinois State Redbirds,Marist Red Foxes,2026-09-19
Indiana State Sycamores,Purdue Fort Wayne Mastodons,2026-09-19
Utah Utes,Northern Colorado Bears,2026-09-19
Jacksonville Dolphins,Florida International Panthers,2026-09-19
Sam Houston Bearkats,Lamar Cardinals,2026-09-19
Valparaiso VALPARAISO,Canisius Golden Griffins,2026-09-19
Le Moyne Dolphins,Niagara Purple Eagles,2026-09-19
Mercyhurst Lakers,Ohio Bobcats,2026-09-19
Pacific Tigers,Wyoming Cowboys,2026-09-19
Stephen F. Austin Lumberjacks,Abilene Christian Wildcats,2026-09-19
App State Mountaineers,Eastern Kentucky Colonels,2026-09-19
Oral Roberts Golden Eagles,McNeese Cowboys,2026-09-19
Marshall Thundering Herd,Morehead State Eagles,2026-09-19
SE Louisiana Lions,UC San Diego Tritons,2026-09-19
Alabama State Hornets,Florida Atlantic Owls,2026-09-19
Rhode Island Rams,Coppin State Eagles,2026-09-19
Illinois Fighting Illini,Arkansas Razorbacks,2026-09-19
Grand Canyon Lopes,Ole Miss Rebels,2026-09-19
Boston College Eagles,Binghamton Bearcats,2026-09-19
North Florida Ospreys,Kennesaw State Owls,2026-09-19
East Texas A&M Lions,North Texas Mean Green,2026-09-19
California Baptist Lancers,San Francisco Dons,2026-09-19
Lindenwood Lions,Bradley Braves,2026-09-19
Southern Illinois Salukis,Austin Peay Governors,2026-09-19
St. Thomas Tommies,Marquette Golden Eagles,2026-09-19
Middle Tennessee Blue Raiders,Fairfield Stags,2026-09-19
Western Illinois Leathernecks,Green Bay Phoenix,2026-09-19
Loyola Maryland Greyhounds,Colgate Raiders,2026-09-19
Fairleigh Dickinson Knights,Buffalo Bulls,2026-09-19
New Haven Chargers,Iona Gaels,2026-09-19
Jackson State Tigers,Louisiana Ragin' Cajuns,2026-09-19
Florida A&M Rattlers,LSU New Orleans Privateers,2026-09-19
Arkansas-Pine Bluff Golden Lions,UT Martin Skyhawks,2026-09-19
Minnesota Golden Gophers,South Dakota State Jackrabbits,2026-09-19
UMBC Retrievers,Temple Owls,2026-09-19
Campbell Fighting Camels,East Carolina Pirates,2026-09-19
UTSA Roadrunners,Texas State Bobcats,2026-09-19
Sacramento State Hornets,California Golden Bears,2026-09-19
Loyola Marymount Lions,Cal State Northridge Matadors,2026-09-19
Kansas State Wildcats,Omaha Mavericks,2026-09-19
Southern Indiana Screaming Eagles,Evansville Purple Aces,2026-09-19
Boise State Broncos,Idaho State Bengals,2026-09-19
East Tennessee State Buccaneers,Oklahoma Sooners,2026-09-19
American University Eagles,Army Black Knights,2026-09-19
Bucknell Bison,Lehigh Mountain Hawks,2026-09-19
UC Santa Barbara Gauchos,UC Davis Aggies,2026-09-19
Navy Midshipmen,Holy Cross Crusaders,2026-09-19
Miami (OH) RedHawks,Northern Kentucky Norse,2026-09-19
Delaware State Hornets,James Madison Dukes,2026-09-19
Bellarmine Knights,Radford Highlanders,2026-09-19
UC Riverside Highlanders,Southern Utah Thunderbirds,2026-09-19
Portland Pilots,Eastern Washington Eagles,2026-09-19
Northwestern State Demons,Troy Trojans,2026-09-19
Fresno State Bulldogs,Saint Mary's Gaels,2026-09-19
Rutgers Scarlet Knights,St. John's Red Storm,2026-09-19
Montana Grizzlies,Gonzaga Bulldogs,2026-09-19
Central Connecticut Blue Devils,Brown Bears,2026-09-19
UC Irvine Anteaters,UNLV Rebels,2026-09-19
Western Michigan Broncos,Milwaukee Panthers,2026-09-19
UCLA Bruins,Iowa State Cyclones,2026-09-19
Weber State Wildcats,Utah Valley Wolverines,2026-09-19
Wright State Raiders,Michigan State Spartans,2026-09-19
Lipscomb Bisons,Belmont Bruins,2026-09-19
Charlotte 49ers,Davidson Wildcats,2026-09-19
Providence Friars,Sacred Heart Pioneers,2026-09-19
UIC Flames,DePaul Blue Demons,2026-09-19
Quinnipiac Bobcats,Dartmouth Big Green,2026-09-19
Charleston Southern Buccaneers,Mercer Bears,2026-09-19
IU Indianapolis Jaguars,Ball State Cardinals,2026-09-19
Iona Gaels,NJIT Highlanders,2026-09-19
North Carolina Central Eagles,Winthrop Eagles,2026-09-19
Bethune-Cookman Wildcats,South Carolina State Bulldogs,2026-09-19
Coppin State Eagles,Merrimack Warriors,2026-09-19
Howard Bison,George Washington Revolutionaries,2026-09-19
South Alabama Jaguars,Auburn Tigers,2026-09-19
Georgia Tech Yellow Jackets,Georgia Bulldogs,2026-09-19
West Florida Argonauts,Iowa Hawkeyes,2026-09-19
Princeton Tigers,Villanova Wildcats,2026-09-19
Houston Christian Huskies,Houston Cougars,2026-09-19
Iowa State Cyclones,Hawai'i Rainbow Warriors,2026-09-19
Charleston Cougars,Elon Phoenix,2026-09-19
Utah State Aggies,BYU Cougars,2026-09-19
Cal State Bakersfield Roadrunners,Nevada Wolf Pack,2026-09-19
Pepperdine Waves,USC Trojans,2026-09-19
San Diego State Aztecs,San Diego Toreros,2026-09-19
Louisiana Tech Bulldogs,Prairie View A&M Panthers,2026-09-19
Binghamton Bearcats,Quinnipiac Bobcats,2026-09-20
Saint Louis Billikens,Missouri State Bears,2026-09-20
Delaware State Hornets,UNC Greensboro Spartans,2026-09-20
Lafayette Leopards,Lehigh Mountain Hawks,2026-09-20
Florida Gulf Coast Eagles,Nebraska Cornhuskers,2026-09-20
NC State Wolfpack,Coastal Carolina Chanticleers,2026-09-20
Cornell Big Red,Michigan Wolverines,2026-09-20
North Florida Ospreys,Georgia Southern Eagles,2026-09-20
Akron Zips,Xavier Musketeers,2026-09-20
Buffalo Bulls,Syracuse Orange,2026-09-20
LSU New Orleans Privateers,Tulane Green Wave,2026-09-20
Tennessee Volunteers,Penn State Nittany Lions,2026-09-20
Illinois Fighting Illini,Arkansas State Red Wolves,2026-09-20
Central Arkansas Bears,Iowa Hawkeyes,2026-09-20
Notre Dame Fighting Irish,Eastern Illinois Panthers,2026-09-20
Illinois State Redbirds,Oakland Golden Grizzlies,2026-09-20
Long Island University Sharks,Butler Bulldogs,2026-09-20
Texas A&M-Corpus Christi Islanders,Iowa State Cyclones,2026-09-20
Louisville Cardinals,Kentucky Wildcats,2026-09-20
Grand Canyon Lopes,Kansas Jayhawks,2026-09-20
Boston College Eagles,Dartmouth Big Green,2026-09-20
South Carolina Upstate Spartans,Clemson Tigers,2026-09-20
George Mason Patriots,James Madison Dukes,2026-09-20
Milwaukee Panthers,Marquette Golden Eagles,2026-09-20
Charleston Cougars,Elon Phoenix,2026-09-20
Coppin State Eagles,New Haven Chargers,2026-09-20
Oregon State Beavers,Oregon Ducks,2026-09-20
Sacred Heart Pioneers,Harvard Crimson,2026-09-20
UC San Diego Tritons,UNLV Rebels,2026-09-20
Texas A&M Aggies,Creighton Bluejays,2026-09-20
UC Santa Barbara Gauchos,USC Trojans,2026-09-20
California Golden Bears,San José State Spartans,2026-09-20
UAB Blazers,Samford Bulldogs,2026-09-20
UCLA Bruins,Hawai'i Rainbow Warriors,2026-09-20
Stanford Cardinal,Cal Poly Mustangs,2026-09-20
Rhode Island Rams,UConn Huskies,2026-09-20
New Mexico Lobos,New Mexico State Aggies,2026-09-21
Texas A&M-Corpus Christi Islanders,Southern Jaguars,2026-09-22
Bryant Bulldogs,Central Connecticut Blue Devils,2026-09-22
Tennessee Tech Golden Eagles,Lipscomb Bisons,2026-09-22
Queens University Royals,UNC Asheville Bulldogs,2026-09-22
Wofford Terriers,Gardner-Webb Runnin' Bulldogs,2026-09-22
Youngstown State Penguins,Robert Morris Colonials,2026-09-22
Eastern Michigan Eagles,Central Michigan Chippewas,2026-09-22
Rice Owls,Texas A&M Aggies,2026-09-22
Milwaukee Panthers,Iowa Hawkeyes,2026-09-22
Northern Iowa Panthers,Drake Bulldogs,2026-09-22
UT Arlington Mavericks,Tarleton State Texans,2026-09-22
Tennessee State Tigers,Alabama A&M Bulldogs,2026-09-22
Arizona Wildcats,UTEP Miners,2026-09-22
Montana State Bobcats,Montana Grizzlies,2026-09-22
Texas A&M-Corpus Christi Islanders,Nicholls Colonels,2026-09-23
Seton Hall Pirates,St. John's Red Storm,2026-09-23
New Hampshire Wildcats,Dartmouth Big Green,2026-09-23
Charlotte 49ers,East Carolina Pirates,2026-09-23
Temple Owls,Fairleigh Dickinson Knights,2026-09-23
Akron Zips,Kent State Golden Flashes,2026-09-23
New Haven Chargers,Marist Red Foxes,2026-09-23
Long Island University Sharks,Saint Peter's Peacocks,2026-09-23
Jacksonville Dolphins,Florida Gators,2026-09-23
South Carolina Gamecocks,Georgia Bulldogs,2026-09-23
UT Rio Grande Valley Vaqueros,McNeese Cowboys,2026-09-23
Miami Hurricanes,Florida State Seminoles,2026-09-23
Alabama Crimson Tide,LSU Tigers,2026-09-23
Kentucky Wildcats,Vanderbilt Commodores,2026-09-23
Kansas State Wildcats,UCF Knights,2026-09-24
Elon Phoenix,Hampton Pirates,2026-09-24
Miami (OH) RedHawks,Bowling Green Falcons,2026-09-24
Coppin State Eagles,Howard Bison,2026-09-24
App State Mountaineers,Old Dominion Monarchs,2026-09-24
Georgia State Panthers,Marshall Thundering Herd,2026-09-24
Maryland Terrapins,Purdue Boilermakers,2026-09-24
UCLA Bruins,Indiana Hoosiers,2026-09-24
Abilene Christian Wildcats,North Alabama Lions,2026-09-24
Austin Peay Governors,Little Rock Trojans,2026-09-24
Eastern Kentucky Colonels,Central Arkansas Bears,2026-09-24
West Georgia Wolves,UT Arlington Mavericks,2026-09-24
UL Monroe Warhawks,Arkansas State Red Wolves,2026-09-24
Utah State Aggies,Texas State Bobcats,2026-09-24
East Texas A&M Lions,Incarnate Word Cardinals,2026-09-24
SE Louisiana Lions,Stephen F. Austin Lumberjacks,2026-09-24
LSU New Orleans Privateers,Lamar Cardinals,2026-09-24
Omaha Mavericks,North Dakota Fighting Hawks,2026-09-24
Northwestern State Demons,Houston Christian Huskies,2026-09-24
Oregon Ducks,Wisconsin Badgers,2026-09-24
Minnesota Golden Gophers,Illinois Fighting Illini,2026-09-24
USC Trojans,Northwestern Wildcats,2026-09-24
Pacific Tigers,Denver Pioneers,2026-09-24
St. Thomas Tommies,North Dakota State Bison,2026-09-24
Montana Grizzlies,Northern Colorado Bears,2026-09-24
San José State Spartans,Air Force Falcons,2026-09-24
Gonzaga Bulldogs,Boise State Broncos,2026-09-24
San Diego State Aztecs,Colorado State Rams,2026-09-24
UC Riverside Highlanders,Utah Valley Wolverines,2026-09-24
Loyola Marymount Lions,San Francisco Dons,2026-09-24
Weber State Wildcats,Eastern Washington Eagles,2026-09-24
Idaho State Bengals,Idaho Vandals,2026-09-24
Washington State Cougars,Fresno State Bulldogs,2026-09-24
Grand Canyon Lopes,Nevada Wolf Pack,2026-09-24
UC Davis Aggies,UNLV Rebels,2026-09-24
Southern Utah Thunderbirds,Northern Arizona Lumberjacks,2026-09-24
Pepperdine Waves,Santa Clara Broncos,2026-09-24
Saint Mary's Gaels,San Diego Toreros,2026-09-24
Utah Tech Trailblazers,Portland State Vikings,2026-09-24
California Baptist Lancers,Sacramento State Hornets,2026-09-24
UAB Blazers,Temple Owls,2026-09-25
Notre Dame Fighting Irish,Boston College Eagles,2026-09-25
Georgetown Hoyas,Xavier Musketeers,2026-09-25
Elon Phoenix,Hampton Pirates,2026-09-25
Ohio Bobcats,Eastern Michigan Eagles,2026-09-25
Creighton Bluejays,Seton Hall Pirates,2026-09-25
Rhode Island Rams,George Mason Patriots,2026-09-25
DePaul Blue Demons,Providence Friars,2026-09-25
Quinnipiac Bobcats,Iona Gaels,2026-09-25
Louisville Cardinals,Syracuse Orange,2026-09-25
Arizona State Sun Devils,West Virginia Mountaineers,2026-09-25
Virginia Cavaliers,Clemson Tigers,2026-09-25
Washington Huskies,Michigan State Spartans,2026-09-25
UMBC Retrievers,UAlbany Great Danes,2026-09-25
Fordham Rams,Duquesne Dukes,2026-09-25
Saint Louis Billikens,George Washington Revolutionaries,2026-09-25
Marquette Golden Eagles,UConn Huskies,2026-09-25
Bradley Braves,Indiana State Sycamores,2026-09-25
UNC Wilmington Seahawks,Campbell Fighting Camels,2026-09-25
Towson Tigers,Charleston Cougars,2026-09-25
North Carolina A&T Aggies,Northeastern Huskies,2026-09-25
Charleston Southern Buccaneers,Presbyterian Blue Hose,2026-09-25
Pennsylvania Quakers,Princeton Tigers,2026-09-25
UNC Asheville Bulldogs,South Carolina Upstate Spartans,2026-09-25
Lehigh Mountain Hawks,American University Eagles,2026-09-25
Bucknell Bison,Loyola Maryland Greyhounds,2026-09-25
Jacksonville State Gamecocks,Delaware Blue Hens,2026-09-25
Middle Tennessee Blue Raiders,Liberty Flames,2026-09-25
Robert Morris Colonials,IU Indianapolis Jaguars,2026-09-25
Milwaukee Panthers,Northern Kentucky Norse,2026-09-25
Northern Illinois Huskies,Wright State Raiders,2026-09-25
Lafayette Leopards,Navy Midshipmen,2026-09-25
Sacred Heart Pioneers,Canisius Golden Griffins,2026-09-25
Fairfield Stags,Niagara Purple Eagles,2026-09-25
Merrimack Warriors,Manhattan Jaspers,2026-09-25
Marist Red Foxes,Rider Broncs,2026-09-25
Toledo Rockets,Akron Zips,2026-09-25
Western Michigan Broncos,Ball State Cardinals,2026-09-25
Miami (OH) RedHawks,Bowling Green Falcons,2026-09-25
Kent State Golden Flashes,Buffalo Bulls,2026-09-25
North Carolina Central Eagles,Delaware State Hornets,2026-09-25
Morgan State Bears,Norfolk State Spartans,2026-09-25
South Carolina State Bulldogs,Maryland Eastern Shore Hawks,2026-09-25
App State Mountaineers,Old Dominion Monarchs,2026-09-25
Georgia Southern Eagles,Coastal Carolina Chanticleers,2026-09-25
Georgia State Panthers,Marshall Thundering Herd,2026-09-25
South Alabama Jaguars,James Madison Dukes,2026-09-25
Lindenwood Lions,Morehead State Eagles,2026-09-25
Wofford Terriers,Chattanooga Mocs,2026-09-25
The Citadel Bulldogs,Mercer Bears,2026-09-25
Alabama State Hornets,Florida A&M Rattlers,2026-09-25
Western Carolina Catamounts,UNC Greensboro Spartans,2026-09-25
Siena Saints,Saint Peter's Peacocks,2026-09-25
Radford Highlanders,High Point Panthers,2026-09-25
TCU Horned Frogs,Cincinnati Bearcats,2026-09-25
Duke Blue Devils,Wake Forest Demon Deacons,2026-09-25
Hofstra Pride,Stony Brook Seawolves,2026-09-25
California Golden Bears,Pittsburgh Panthers,2026-09-25
Texas Longhorns,Tennessee Volunteers,2026-09-25
Penn State Nittany Lions,Michigan Wolverines,2026-09-25
North Carolina Tar Heels,NC State Wolfpack,2026-09-25
Houston Cougars,Kansas Jayhawks,2026-09-25
Ohio State Buckeyes,Iowa Hawkeyes,2026-09-25
Virginia Tech Hokies,Georgia Tech Yellow Jackets,2026-09-25
NJIT Highlanders,Bryant Bulldogs,2026-09-25
East Carolina Pirates,Rice Owls,2026-09-25
Memphis Tigers,Wichita State Shockers,2026-09-25
Florida Atlantic Owls,North Texas Mean Green,2026-09-25
South Florida Bulls,Tulsa Golden Hurricane,2026-09-25
Tulane Green Wave,UTSA Roadrunners,2026-09-25
Davidson Wildcats,Dayton Flyers,2026-09-25
VCU Rams,Loyola Chicago Ramblers,2026-09-25
Villanova Wildcats,Butler Bulldogs,2026-09-25
Iowa State Cyclones,Texas Tech Red Raiders,2026-09-25
Belmont Bruins,Valparaiso VALPARAISO,2026-09-25
Murray State Racers,Drake Bulldogs,2026-09-25
Southern Illinois Salukis,Evansville Purple Aces,2026-09-25
Illinois State Redbirds,UIC Flames,2026-09-25
Colgate Raiders,Army Black Knights,2026-09-25
Florida International Panthers,Missouri State Bears,2026-09-25
Sam Houston Bearkats,Kennesaw State Owls,2026-09-25
Southern Miss Golden Eagles,Louisiana Tech Bulldogs,2026-09-25
Cleveland State Vikings,Purdue Fort Wayne Mastodons,2026-09-25
Oakland Golden Grizzlies,Green Bay Phoenix,2026-09-25
UL Monroe Warhawks,Arkansas State Red Wolves,2026-09-25
Louisiana Ragin' Cajuns,Troy Trojans,2026-09-25
UT Martin Skyhawks,SIU Edwardsville Cougars,2026-09-25
Southeast Missouri State Redhawks,Western Illinois Leathernecks,2026-09-25
Furman Paladins,Tennessee Tech Golden Eagles,2026-09-25
Texas Southern Tigers,Mississippi Valley State Delta Devils,2026-09-25
Arkansas-Pine Bluff Golden Lions,Southern Jaguars,2026-09-25
Prairie View A&M Panthers,Jackson State Tigers,2026-09-25
Grambling Tigers,Alcorn State Braves,2026-09-25
Alabama A&M Bulldogs,Bethune-Cookman Wildcats,2026-09-25
Southern Indiana Screaming Eagles,Eastern Illinois Panthers,2026-09-25
Baylor Bears,BYU Cougars,2026-09-25
East Tennessee State Buccaneers,Samford Bulldogs,2026-09-25
Rutgers Scarlet Knights,Nebraska Cornhuskers,2026-09-25
Auburn Tigers,Arkansas Razorbacks,2026-09-25
South Dakota State Jackrabbits,South Dakota Coyotes,2026-09-25
Western Kentucky Hilltoppers,New Mexico State Aggies,2026-09-25
UTEP Miners,Wyoming Cowboys,2026-09-25
Stanford Cardinal,SMU Mustangs,2026-09-25
Utah Utes,Colorado Buffaloes,2026-09-25
Cal State Bakersfield Roadrunners,Cal Poly Mustangs,2026-09-25
Cal State Fullerton Titans,UC San Diego Tritons,2026-09-25
Long Beach State 49ers,UC Irvine Anteaters,2026-09-25
Grand Canyon Lopes,Nevada Wolf Pack,2026-09-25
Cal State Northridge Matadors,UC Santa Barbara Gauchos,2026-09-25
New Mexico Lobos,Hawai'i Rainbow Warriors,2026-09-25
West Florida Argonauts,Queens University Royals,2026-09-26
Rhode Island Rams,George Mason Patriots,2026-09-26
Davidson Wildcats,Dayton Flyers,2026-09-26
Saint Louis Billikens,George Washington Revolutionaries,2026-09-26
Middle Tennessee Blue Raiders,Liberty Flames,2026-09-26
Abilene Christian Wildcats,West Georgia Wolves,2026-09-26
Eastern Kentucky Colonels,Little Rock Trojans,2026-09-26
South Alabama Jaguars,James Madison Dukes,2026-09-26
Colorado State Rams,Texas State Bobcats,2026-09-26
LSU New Orleans Privateers,Stephen F. Austin Lumberjacks,2026-09-26
Nicholls Colonels,UT Rio Grande Valley Vaqueros,2026-09-26
Marist Red Foxes,Saint Peter's Peacocks,2026-09-26
Lipscomb Bisons,Bellarmine Knights,2026-09-26
Fordham Rams,Duquesne Dukes,2026-09-26
VCU Rams,Loyola Chicago Ramblers,2026-09-26
Oral Roberts Golden Eagles,Kansas City Kangaroos,2026-09-26
Omaha Mavericks,North Dakota State Bison,2026-09-26
Murray State Racers,Northern Iowa Panthers,2026-09-26
Montana State Bobcats,Northern Colorado Bears,2026-09-26
UNC Wilmington Seahawks,Campbell Fighting Camels,2026-09-26
Towson Tigers,Charleston Cougars,2026-09-26
North Carolina A&T Aggies,Northeastern Huskies,2026-09-26
Columbia Lions,Cornell Big Red,2026-09-26
Florida International Panthers,Missouri State Bears,2026-09-26
Jacksonville State Gamecocks,Delaware Blue Hens,2026-09-26
Sam Houston Bearkats,Kennesaw State Owls,2026-09-26
Southern Miss Golden Eagles,Louisiana Tech Bulldogs,2026-09-26
Western Kentucky Hilltoppers,New Mexico State Aggies,2026-09-26
Cleveland State Vikings,Purdue Fort Wayne Mastodons,2026-09-26
Milwaukee Panthers,Northern Kentucky Norse,2026-09-26
Northern Illinois Huskies,Wright State Raiders,2026-09-26
Fairfield Stags,Canisius Golden Griffins,2026-09-26
Merrimack Warriors,Iona Gaels,2026-09-26
Quinnipiac Bobcats,Manhattan Jaspers,2026-09-26
Sacred Heart Pioneers,Niagara Purple Eagles,2026-09-26
Austin Peay Governors,Central Arkansas Bears,2026-09-26
North Alabama Lions,Tarleton State Texans,2026-09-26
Georgia Southern Eagles,Coastal Carolina Chanticleers,2026-09-26
Gonzaga Bulldogs,Utah State Aggies,2026-09-26
Lindenwood Lions,Morehead State Eagles,2026-09-26
Northwestern State Demons,Incarnate Word Cardinals,2026-09-26
East Texas A&M Lions,Houston Christian Huskies,2026-09-26
SE Louisiana Lions,Lamar Cardinals,2026-09-26
McNeese Cowboys,Texas A&M-Corpus Christi Islanders,2026-09-26
The Citadel Bulldogs,Mercer Bears,2026-09-26
St. Thomas Tommies,North Dakota Fighting Hawks,2026-09-26
Pacific Tigers,San Diego Toreros,2026-09-26
Pepperdine Waves,San Francisco Dons,2026-09-26
Saint Mary's Gaels,Denver Pioneers,2026-09-26
Marquette Golden Eagles,Providence Friars,2026-09-26
Belmont Bruins,UIC Flames,2026-09-26
Idaho State Bengals,Eastern Washington Eagles,2026-09-26
Dartmouth Big Green,Harvard Crimson,2026-09-26
California Baptist Lancers,Utah Valley Wolverines,2026-09-26
Oakland Golden Grizzlies,Green Bay Phoenix,2026-09-26
Robert Morris Colonials,IU Indianapolis Jaguars,2026-09-26
San José State Spartans,Air Force Falcons,2026-09-26
Louisiana Ragin' Cajuns,Troy Trojans,2026-09-26
Southeast Missouri State Redhawks,Western Illinois Leathernecks,2026-09-26
Furman Paladins,Tennessee Tech Golden Eagles,2026-09-26
Western Carolina Catamounts,UNC Greensboro Spartans,2026-09-26
Loyola Marymount Lions,Santa Clara Broncos,2026-09-26
Portland Pilots,Seattle U Redhawks,2026-09-26
DePaul Blue Demons,UConn Huskies,2026-09-26
Villanova Wildcats,Xavier Musketeers,2026-09-26
Utah Tech Trailblazers,Northern Arizona Lumberjacks,2026-09-26
Washington State Cougars,Oregon State Beavers,2026-09-26
Yale Bulldogs,Brown Bears,2026-09-26
Winthrop Eagles,Gardner-Webb Runnin' Bulldogs,2026-09-26
Lafayette Leopards,American University Eagles,2026-09-26
Bucknell Bison,Navy Midshipmen,2026-09-26
Colgate Raiders,Holy Cross Crusaders,2026-09-26
Lehigh Mountain Hawks,Loyola Maryland Greyhounds,2026-09-26
Western Michigan Broncos,Ball State Cardinals,2026-09-26
UC Davis Aggies,UNLV Rebels,2026-09-26
San Diego State Aztecs,Fresno State Bulldogs,2026-09-26
UT Martin Skyhawks,SIU Edwardsville Cougars,2026-09-26
Wofford Terriers,Chattanooga Mocs,2026-09-26
Creighton Bluejays,St. John's Red Storm,2026-09-26
Southern Indiana Screaming Eagles,Eastern Illinois Panthers,2026-09-26
Ohio Bobcats,Central Michigan Chippewas,2026-09-26
Stetson Hatters,Florida Gulf Coast Eagles,2026-09-26
North Florida Ospreys,Jacksonville Dolphins,2026-09-26
Bradley Braves,Evansville Purple Aces,2026-09-26
Southern Illinois Salukis,Indiana State Sycamores,2026-09-26
Georgetown Hoyas,Butler Bulldogs,2026-09-26
Siena Saints,Rider Broncs,2026-09-26
Hofstra Pride,Stony Brook Seawolves,2026-09-26
Oregon Ducks,Minnesota Golden Gophers,2026-09-26
Maryland Terrapins,Indiana Hoosiers,2026-09-26
Rutgers Scarlet Knights,Iowa Hawkeyes,2026-09-26
Cal State Northridge Matadors,Cal Poly Mustangs,2026-09-26
East Tennessee State Buccaneers,Samford Bulldogs,2026-09-26
USC Trojans,Illinois Fighting Illini,2026-09-26
Illinois State Redbirds,Valparaiso VALPARAISO,2026-09-26
Southern Utah Thunderbirds,Portland State Vikings,2026-09-26
Cal State Fullerton Titans,UC Irvine Anteaters,2026-09-26
Long Beach State 49ers,UC San Diego Tritons,2026-09-26
UTEP Miners,Wyoming Cowboys,2026-09-26
UCLA Bruins,Northwestern Wildcats,2026-09-26
Ohio State Buckeyes,Nebraska Cornhuskers,2026-09-26
Weber State Wildcats,Idaho Vandals,2026-09-26
Cal State Bakersfield Roadrunners,UC Santa Barbara Gauchos,2026-09-26
UC Riverside Highlanders,Sacramento State Hornets,2026-09-26
New Mexico Lobos,Hawai'i Rainbow Warriors,2026-09-26
Washington Huskies,Michigan Wolverines,2026-09-27
Charlotte 49ers,Temple Owls,2026-09-27
Alabama State Hornets,Bethune-Cookman Wildcats,2026-09-27
Texas Longhorns,Kentucky Wildcats,2026-09-27
Louisville Cardinals,Boston College Eagles,2026-09-27
Wisconsin Badgers,Purdue Boilermakers,2026-09-27
Arizona State Sun Devils,Cincinnati Bearcats,2026-09-27
Florida Gators,Oklahoma Sooners,2026-09-27
TCU Horned Frogs,West Virginia Mountaineers,2026-09-27
Duke Blue Devils,NC State Wolfpack,2026-09-27
Binghamton Bearcats,New Hampshire Wildcats,2026-09-27
Virginia Cavaliers,Georgia Tech Yellow Jackets,2026-09-27
Virginia Tech Hokies,Clemson Tigers,2026-09-27
Notre Dame Fighting Irish,Syracuse Orange,2026-09-27
UMBC Retrievers,Bryant Bulldogs,2026-09-27
South Florida Bulls,Wichita State Shockers,2026-09-27
Coppin State Eagles,Norfolk State Spartans,2026-09-27
South Carolina State Bulldogs,Delaware State Hornets,2026-09-27
Howard Bison,Morgan State Bears,2026-09-27
North Carolina Central Eagles,Maryland Eastern Shore Hawks,2026-09-27
Texas Southern Tigers,Jackson State Tigers,2026-09-27
Grambling Tigers,Southern Jaguars,2026-09-27
Prairie View A&M Panthers,Mississippi Valley State Delta Devils,2026-09-27
Alabama A&M Bulldogs,Florida A&M Rattlers,2026-09-27
Arkansas-Pine Bluff Golden Lions,Alcorn State Braves,2026-09-27
Florida State Seminoles,Miami Hurricanes,2026-09-27
California Golden Bears,SMU Mustangs,2026-09-27
Penn State Nittany Lions,Michigan State Spartans,2026-09-27
Kansas Jayhawks,Texas Tech Red Raiders,2026-09-27
Vanderbilt Commodores,Missouri Tigers,2026-09-27
Memphis Tigers,Tulsa Golden Hurricane,2026-09-27
Tulane Green Wave,North Texas Mean Green,2026-09-27
Florida Atlantic Owls,UTSA Roadrunners,2026-09-27
Army Black Knights,Holy Cross Crusaders,2026-09-27
Fairleigh Dickinson Knights,UAlbany Great Danes,2026-09-27
Baylor Bears,Utah Utes,2026-09-27
Arizona Wildcats,Colorado Buffaloes,2026-09-27
LSU Tigers,Mississippi State Bulldogs,2026-09-27
Ole Miss Rebels,Alabama Crimson Tide,2026-09-27
UAB Blazers,Rice Owls,2026-09-27
Toledo Rockets,Buffalo Bulls,2026-09-27
South Carolina Gamecocks,Texas A&M Aggies,2026-09-27
Houston Cougars,Kansas State Wildcats,2026-09-27
North Carolina Tar Heels,Wake Forest Demon Deacons,2026-09-27
UCF Knights,Iowa State Cyclones,2026-09-27
Stanford Cardinal,Pittsburgh Panthers,2026-09-27
Merrimack Warriors,Quinnipiac Bobcats,2026-09-29
Saint Louis Billikens,Loyola Chicago Ramblers,2026-09-29
Canisius Golden Griffins,Niagara Purple Eagles,2026-09-29
Iona Gaels,Manhattan Jaspers,2026-09-29
Rider Broncs,Saint Peter's Peacocks,2026-09-29
Central Michigan Chippewas,Western Michigan Broncos,2026-09-29
Loyola Maryland Greyhounds,Coppin State Eagles,2026-09-29
North Alabama Lions,West Georgia Wolves,2026-09-29
Marist Red Foxes,Siena Saints,2026-09-29
Green Bay Phoenix,Milwaukee Panthers,2026-09-29
Fairfield Stags,Sacred Heart Pioneers,2026-09-29
Southern Utah Thunderbirds,Utah Tech Trailblazers,2026-09-29
Norfolk State Spartans,Hampton Pirates,2026-09-30
Stonehill Skyhawks,New Hampshire Wildcats,2026-09-30
Notre Dame Fighting Irish,Louisville Cardinals,2026-09-30
Vanderbilt Commodores,LSU Tigers,2026-09-30
Jackson State Tigers,Mississippi Valley State Delta Devils,2026-09-30
Grambling Tigers,Arkansas-Pine Bluff Golden Lions,2026-09-30
UIC Flames,Valparaiso VALPARAISO,2026-09-30
UAB Blazers,Memphis Tigers,2026-09-30
Marquette Golden Eagles,DePaul Blue Demons,2026-09-30
Pacific Tigers,Pepperdine Waves,2026-09-30
Houston Christian Huskies,Texas A&M-Corpus Christi Islanders,2026-10-01
Incarnate Word Cardinals,UT Rio Grande Valley Vaqueros,2026-10-01
Bowling Green Falcons,Kent State Golden Flashes,2026-10-01
Delaware State Hornets,Howard Bison,2026-10-01
Central Arkansas Bears,West Georgia Wolves,2026-10-01
Tarleton State Texans,Eastern Kentucky Colonels,2026-10-01
James Madison Dukes,Georgia State Panthers,2026-10-01
LSU New Orleans Privateers,East Texas A&M Lions,2026-10-01
Chattanooga Mocs,Furman Paladins,2026-10-01
Samford Bulldogs,Western Carolina Catamounts,2026-10-01
Buffalo Bulls,Miami (OH) RedHawks,2026-10-01
Nebraska Cornhuskers,Penn State Nittany Lions,2026-10-01
Utah Utes,Kansas Jayhawks,2026-10-01
Iowa Hawkeyes,Maryland Terrapins,2026-10-01
Rutgers Scarlet Knights,Ohio State Buckeyes,2026-10-01
Northern Iowa Panthers,Illinois State Redbirds,2026-10-01
Louisiana Tech Bulldogs,South Alabama Jaguars,2026-10-01
Northern Illinois Huskies,Milwaukee Panthers,2026-10-01
Austin Peay Governors,Abilene Christian Wildcats,2026-10-01
Little Rock Trojans,UT Arlington Mavericks,2026-10-01
Arkansas State Red Wolves,Louisiana Ragin' Cajuns,2026-10-01
Stephen F. Austin Lumberjacks,McNeese Cowboys,2026-10-01
BYU Cougars,Kansas State Wildcats,2026-10-01
South Dakota State Jackrabbits,Omaha Mavericks,2026-10-01
SE Louisiana Lions,Northwestern State Demons,2026-10-01
Lamar Cardinals,Nicholls Colonels,2026-10-01
Northwestern Wildcats,Minnesota Golden Gophers,2026-10-01
North Dakota Fighting Hawks,Kansas City Kangaroos,2026-10-01
North Dakota State Bison,Oral Roberts Golden Eagles,2026-10-01
South Dakota Coyotes,St. Thomas Tommies,2026-10-01
Northern Colorado Bears,Utah Tech Trailblazers,2026-10-01
Portland State Vikings,Weber State Wildcats,2026-10-01
UC Santa Barbara Gauchos,Utah Valley Wolverines,2026-10-01
UNLV Rebels,UTEP Miners,2026-10-01
San Diego State Aztecs,Boise State Broncos,2026-10-01
Indiana Hoosiers,Wisconsin Badgers,2026-10-01
Saint Mary's Gaels,Loyola Marymount Lions,2026-10-01
San Francisco Dons,Seattle U Redhawks,2026-10-01
Santa Clara Broncos,Portland Pilots,2026-10-01
Eastern Washington Eagles,Montana Grizzlies,2026-10-01
Idaho Vandals,Montana State Bobcats,2026-10-01
Northern Arizona Lumberjacks,Idaho State Bengals,2026-10-01
Texas State Bobcats,Oregon State Beavers,2026-10-01
Air Force Falcons,UC Davis Aggies,2026-10-01
Wyoming Cowboys,San José State Spartans,2026-10-01
Colorado State Rams,Gonzaga Bulldogs,2026-10-01
Fresno State Bulldogs,Utah State Aggies,2026-10-01
Cal Poly Mustangs,Sacramento State Hornets,2026-10-01
UC San Diego Tritons,California Baptist Lancers,2026-10-01
Dayton Flyers,Fordham Rams,2026-10-02
Butler Bulldogs,Seton Hall Pirates,2026-10-02
UAlbany Great Danes,NJIT Highlanders,2026-10-02
SMU Mustangs,Syracuse Orange,2026-10-02
NC State Wolfpack,Florida State Seminoles,2026-10-02
Queens University Royals,Florida Gulf Coast Eagles,2026-10-02
North Texas Mean Green,East Carolina Pirates,2026-10-02
Rice Owls,South Florida Bulls,2026-10-02
Temple Owls,Florida Atlantic Owls,2026-10-02
UTSA Roadrunners,Charlotte 49ers,2026-10-02
George Washington Revolutionaries,VCU Rams,2026-10-02
Providence Friars,Villanova Wildcats,2026-10-02
Campbell Fighting Camels,Hofstra Pride,2026-10-02
Stony Brook Seawolves,Elon Phoenix,2026-10-02
Charleston Cougars,North Carolina A&T Aggies,2026-10-02
William & Mary Tribe,Towson Tigers,2026-10-02
Northeastern Huskies,UNC Wilmington Seahawks,2026-10-02
Dartmouth Big Green,Brown Bears,2026-10-02
Columbia Lions,Princeton Tigers,2026-10-02
Cornell Big Red,Pennsylvania Quakers,2026-10-02
Harvard Crimson,Yale Bulldogs,2026-10-02
Charleston Southern Buccaneers,Winthrop Eagles,2026-10-02
Presbyterian Blue Hose,Gardner-Webb Runnin' Bulldogs,2026-10-02
Radford Highlanders,UNC Asheville Bulldogs,2026-10-02
Army Black Knights,Bucknell Bison,2026-10-02
Kennesaw State Owls,Florida International Panthers,2026-10-02
Northern Kentucky Norse,Cleveland State Vikings,2026-10-02
IU Indianapolis Jaguars,Youngstown State Penguins,2026-10-02
Loyola Maryland Greyhounds,Navy Midshipmen,2026-10-02
Wright State Raiders,Oakland Golden Grizzlies,2026-10-02
Purdue Fort Wayne Mastodons,Robert Morris Colonials,2026-10-02
Mercyhurst Lakers,Fairleigh Dickinson Knights,2026-10-02
Canisius Golden Griffins,Rider Broncs,2026-10-02
Quinnipiac Bobcats,Fairfield Stags,2026-10-02
Manhattan Jaspers,Siena Saints,2026-10-02
Niagara Purple Eagles,Saint Peter's Peacocks,2026-10-02
Akron Zips,Ohio Bobcats,2026-10-02
Ball State Cardinals,Toledo Rockets,2026-10-02
Bowling Green Falcons,Kent State Golden Flashes,2026-10-02
Eastern Michigan Eagles,Western Michigan Broncos,2026-10-02
Coppin State Eagles,South Carolina State Bulldogs,2026-10-02
Maryland Eastern Shore Hawks,Norfolk State Spartans,2026-10-02
Morgan State Bears,North Carolina Central Eagles,2026-10-02
Coastal Carolina Chanticleers,App State Mountaineers,2026-10-02
Old Dominion Monarchs,Georgia Southern Eagles,2026-10-02
Jacksonville Dolphins,Bellarmine Knights,2026-10-02
Central Connecticut Blue Devils,New Haven Chargers,2026-10-02
West Florida Argonauts,Stetson Hatters,2026-10-02
James Madison Dukes,Georgia State Panthers,2026-10-02
Le Moyne Dolphins,Long Island University Sharks,2026-10-02
Stonehill Skyhawks,Chicago State Cougars,2026-10-02
Chattanooga Mocs,Furman Paladins,2026-10-02
Mercer Bears,East Tennessee State Buccaneers,2026-10-02
UNC Greensboro Spartans,Wofford Terriers,2026-10-02
Samford Bulldogs,Western Carolina Catamounts,2026-10-02
Tennessee Tech Golden Eagles,The Citadel Bulldogs,2026-10-02
High Point Panthers,South Carolina Upstate Spartans,2026-10-02
Georgia Tech Yellow Jackets,Duke Blue Devils,2026-10-02
Buffalo Bulls,Miami (OH) RedHawks,2026-10-02
Pittsburgh Panthers,Boston College Eagles,2026-10-02
Kentucky Wildcats,Auburn Tigers,2026-10-02
Tennessee Volunteers,Florida Gators,2026-10-02
Clemson Tigers,North Carolina Tar Heels,2026-10-02
BYU Cougars,Kansas Jayhawks,2026-10-02
Arkansas Razorbacks,Georgia Bulldogs,2026-10-02
Missouri Tigers,Ole Miss Rebels,2026-10-02
Oklahoma Sooners,South Carolina Gamecocks,2026-10-02
North Florida Ospreys,Lipscomb Bisons,2026-10-02
Tulsa Golden Hurricane,Wichita State Shockers,2026-10-02
George Mason Patriots,Davidson Wildcats,2026-10-02
Duquesne Dukes,Saint Louis Billikens,2026-10-02
Wake Forest Demon Deacons,Miami Hurricanes,2026-10-02
UConn Huskies,Georgetown Hoyas,2026-10-02
Xavier Musketeers,St. John's Red Storm,2026-10-02
West Virginia Mountaineers,Texas Tech Red Raiders,2026-10-02
Indiana State Sycamores,Belmont Bruins,2026-10-02
Northern Iowa Panthers,Bradley Braves,2026-10-02
Drake Bulldogs,Illinois State Redbirds,2026-10-02
Evansville Purple Aces,Murray State Racers,2026-10-02
Valparaiso VALPARAISO,Southern Illinois Salukis,2026-10-02
Liberty Flames,Jacksonville State Gamecocks,2026-10-02
Holy Cross Crusaders,Lafayette Leopards,2026-10-02
Louisiana Tech Bulldogs,South Alabama Jaguars,2026-10-02
Delaware Blue Hens,Middle Tennessee Blue Raiders,2026-10-02
Missouri State Bears,Western Kentucky Hilltoppers,2026-10-02
New Mexico State Aggies,Sam Houston Bearkats,2026-10-02
Green Bay Phoenix,Northern Illinois Huskies,2026-10-02
Colgate Raiders,Lehigh Mountain Hawks,2026-10-02
Iona Gaels,Marist Red Foxes,2026-10-02
Merrimack Warriors,Sacred Heart Pioneers,2026-10-02
Arkansas State Red Wolves,Louisiana Ragin' Cajuns,2026-10-02
Eastern Illinois Panthers,Lindenwood Lions,2026-10-02
Morehead State Eagles,UT Martin Skyhawks,2026-10-02
SIU Edwardsville Cougars,Southeast Missouri State Redhawks,2026-10-02
Marshall Thundering Herd,UL Monroe Warhawks,2026-10-02
Troy Trojans,Southern Miss Golden Eagles,2026-10-02
Alcorn State Braves,Texas Southern Tigers,2026-10-02
Southern Jaguars,Prairie View A&M Panthers,2026-10-02
Florida A&M Rattlers,Mississippi Valley State Delta Devils,2026-10-02
Bethune-Cookman Wildcats,Jackson State Tigers,2026-10-02
Alabama State Hornets,Alabama A&M Bulldogs,2026-10-02
Western Illinois Leathernecks,Tennessee State Tigers,2026-10-02
Mississippi State Bulldogs,Texas Longhorns,2026-10-02
Colorado Buffaloes,TCU Horned Frogs,2026-10-02
Alabama Crimson Tide,Texas A&M Aggies,2026-10-02
Cincinnati Bearcats,Houston Cougars,2026-10-02
Tulane Green Wave,Memphis Tigers,2026-10-02
UCF Knights,Baylor Bears,2026-10-02
DePaul Blue Demons,Creighton Bluejays,2026-10-02
Purdue Boilermakers,Oregon Ducks,2026-10-02
Iowa State Cyclones,Arizona Wildcats,2026-10-02
Cal State Fullerton Titans,Cal State Bakersfield Roadrunners,2026-10-02
Long Beach State 49ers,Cal State Northridge Matadors,2026-10-02
Hawai'i Rainbow Warriors,Grand Canyon Lopes,2026-10-02
Nevada Wolf Pack,New Mexico Lobos,2026-10-02
Virginia Tech Hokies,Stanford Cardinal,2026-10-02
Illinois Fighting Illini,Washington Huskies,2026-10-02
Michigan State Spartans,UCLA Bruins,2026-10-02
Virginia Cavaliers,California Golden Bears,2026-10-02
UC Irvine Anteaters,UC Riverside Highlanders,2026-10-02
Michigan Wolverines,USC Trojans,2026-10-02
Saint Mary's Gaels,Pepperdine Waves,2026-10-02
Mercer Bears,East Tennessee State Buccaneers,2026-10-03
Dayton Flyers,Fordham Rams,2026-10-03
Little Rock Trojans,Abilene Christian Wildcats,2026-10-03
Tarleton State Texans,Austin Peay Governors,2026-10-03
SE Louisiana Lions,East Texas A&M Lions,2026-10-03
Louisville Cardinals,Notre Dame Fighting Irish,2026-10-03
South Dakota State Jackrabbits,St. Thomas Tommies,2026-10-03
Campbell Fighting Camels,Hofstra Pride,2026-10-03
Kennesaw State Owls,Florida International Panthers,2026-10-03
Delaware Blue Hens,Middle Tennessee Blue Raiders,2026-10-03
Mercyhurst Lakers,Fairleigh Dickinson Knights,2026-10-03
Canisius Golden Griffins,Saint Peter's Peacocks,2026-10-03
Old Dominion Monarchs,Georgia Southern Eagles,2026-10-03
Central Connecticut Blue Devils,New Haven Chargers,2026-10-03
North Dakota Fighting Hawks,Oral Roberts Golden Eagles,2026-10-03
Le Moyne Dolphins,Long Island University Sharks,2026-10-03
Stonehill Skyhawks,Chicago State Cougars,2026-10-03
Houston Christian Huskies,UT Rio Grande Valley Vaqueros,2026-10-03
Lamar Cardinals,McNeese Cowboys,2026-10-03
Western Illinois Leathernecks,Tennessee State Tigers,2026-10-03
Bryant Bulldogs,Binghamton Bearcats,2026-10-03
George Mason Patriots,Davidson Wildcats,2026-10-03
Duquesne Dukes,Saint Louis Billikens,2026-10-03
North Dakota State Bison,Kansas City Kangaroos,2026-10-03
South Dakota Coyotes,Omaha Mavericks,2026-10-03
Portland State Vikings,Idaho State Bengals,2026-10-03
Northern Colorado Bears,Southern Utah Thunderbirds,2026-10-03
Stony Brook Seawolves,Elon Phoenix,2026-10-03
Northeastern Huskies,UNC Wilmington Seahawks,2026-10-03
Liberty Flames,Jacksonville State Gamecocks,2026-10-03
Missouri State Bears,Western Kentucky Hilltoppers,2026-10-03
New Mexico State Aggies,Sam Houston Bearkats,2026-10-03
IU Indianapolis Jaguars,Youngstown State Penguins,2026-10-03
Iona Gaels,Siena Saints,2026-10-03
Niagara Purple Eagles,Rider Broncs,2026-10-03
Central Arkansas Bears,North Alabama Lions,2026-10-03
Eastern Kentucky Colonels,UT Arlington Mavericks,2026-10-03
Coastal Carolina Chanticleers,App State Mountaineers,2026-10-03
Texas State Bobcats,Boise State Broncos,2026-10-03
Colorado State Rams,Utah State Aggies,2026-10-03
SIU Edwardsville Cougars,Southeast Missouri State Redhawks,2026-10-03
Marshall Thundering Herd,UL Monroe Warhawks,2026-10-03
Incarnate Word Cardinals,Texas A&M-Corpus Christi Islanders,2026-10-03
LSU New Orleans Privateers,Northwestern State Demons,2026-10-03
Stephen F. Austin Lumberjacks,Nicholls Colonels,2026-10-03
Tennessee Tech Golden Eagles,The Citadel Bulldogs,2026-10-03
Presbyterian Blue Hose,Winthrop Eagles,2026-10-03
Jacksonville Dolphins,Lipscomb Bisons,2026-10-03
North Florida Ospreys,Bellarmine Knights,2026-10-03
George Washington Revolutionaries,VCU Rams,2026-10-03
Denver Pioneers,San Diego Toreros,2026-10-03
Northern Arizona Lumberjacks,Weber State Wildcats,2026-10-03
Charleston Cougars,North Carolina A&T Aggies,2026-10-03
San Diego State Aztecs,Washington State Cougars,2026-10-03
Cal Poly Mustangs,Utah Valley Wolverines,2026-10-03
UNLV Rebels,UTEP Miners,2026-10-03
Eastern Illinois Panthers,Lindenwood Lions,2026-10-03
Morehead State Eagles,UT Martin Skyhawks,2026-10-03
Pacific Tigers,Loyola Marymount Lions,2026-10-03
San Francisco Dons,Portland Pilots,2026-10-03
Santa Clara Broncos,Seattle U Redhawks,2026-10-03
Xavier Musketeers,Seton Hall Pirates,2026-10-03
Butler Bulldogs,St. John's Red Storm,2026-10-03
Drake Bulldogs,Bradley Braves,2026-10-03
Eastern Washington Eagles,Montana State Bobcats,2026-10-03
William & Mary Tribe,Towson Tigers,2026-10-03
Fresno State Bulldogs,Oregon State Beavers,2026-10-03
Charleston Southern Buccaneers,Gardner-Webb Runnin' Bulldogs,2026-10-03
High Point Panthers,UNC Asheville Bulldogs,2026-10-03
Loyola Maryland Greyhounds,American University Eagles,2026-10-03
Colgate Raiders,Bucknell Bison,2026-10-03
Holy Cross Crusaders,Lehigh Mountain Hawks,2026-10-03
Wright State Raiders,Cleveland State Vikings,2026-10-03
Northern Kentucky Norse,Oakland Golden Grizzlies,2026-10-03
Purdue Fort Wayne Mastodons,Robert Morris Colonials,2026-10-03
Merrimack Warriors,Fairfield Stags,2026-10-03
Manhattan Jaspers,Marist Red Foxes,2026-10-03
Akron Zips,Ohio Bobcats,2026-10-03
Ball State Cardinals,Toledo Rockets,2026-10-03
Air Force Falcons,UC Davis Aggies,2026-10-03
Wyoming Cowboys,San José State Spartans,2026-10-03
UNC Greensboro Spartans,Wofford Terriers,2026-10-03
Radford Highlanders,South Carolina Upstate Spartans,2026-10-03
Harvard Crimson,Brown Bears,2026-10-03
Columbia Lions,Pennsylvania Quakers,2026-10-03
Cornell Big Red,Princeton Tigers,2026-10-03
Dartmouth Big Green,Yale Bulldogs,2026-10-03
Troy Trojans,Southern Miss Golden Eagles,2026-10-03
Providence Friars,Georgetown Hoyas,2026-10-03
Evansville Purple Aces,Belmont Bruins,2026-10-03
Indiana State Sycamores,Murray State Racers,2026-10-03
UIC Flames,Southern Illinois Salukis,2026-10-03
Lafayette Leopards,Army Black Knights,2026-10-03
Quinnipiac Bobcats,Sacred Heart Pioneers,2026-10-03
Central Michigan Chippewas,Eastern Michigan Eagles,2026-10-03
Nebraska Cornhuskers,Maryland Terrapins,2026-10-03
Iowa Hawkeyes,Penn State Nittany Lions,2026-10-03
Loyola Chicago Ramblers,Rhode Island Rams,2026-10-03
UConn Huskies,Villanova Wildcats,2026-10-03
Cal State Fullerton Titans,Cal State Northridge Matadors,2026-10-03
UC San Diego Tritons,UC Riverside Highlanders,2026-10-03
Utah Utes,Kansas State Wildcats,2026-10-03
Ohio State Buckeyes,Northwestern Wildcats,2026-10-03
Virginia Tech Hokies,California Golden Bears,2026-10-03
Idaho Vandals,Montana Grizzlies,2026-10-03
Long Beach State 49ers,Cal State Bakersfield Roadrunners,2026-10-03
UC Irvine Anteaters,California Baptist Lancers,2026-10-03
Hawai'i Rainbow Warriors,Grand Canyon Lopes,2026-10-03
Virginia Cavaliers,Stanford Cardinal,2026-10-03
Michigan Wolverines,UCLA Bruins,2026-10-03
UC Santa Barbara Gauchos,Sacramento State Hornets,2026-10-03
Pittsburgh Panthers,Syracuse Orange,2026-10-04
SMU Mustangs,Boston College Eagles,2026-10-04
Alabama Crimson Tide,Texas Longhorns,2026-10-04
Mississippi State Bulldogs,Texas A&M Aggies,2026-10-04
Arkansas Razorbacks,South Carolina Gamecocks,2026-10-04
Missouri Tigers,LSU Tigers,2026-10-04
Clemson Tigers,Duke Blue Devils,2026-10-04
NC State Wolfpack,Miami Hurricanes,2026-10-04
West Florida Argonauts,Florida Gulf Coast Eagles,2026-10-04
Queens University Royals,Stetson Hatters,2026-10-04
UTSA Roadrunners,East Carolina Pirates,2026-10-04
North Texas Mean Green,Charlotte 49ers,2026-10-04
Rice Owls,Florida Atlantic Owls,2026-10-04
Temple Owls,South Florida Bulls,2026-10-04
Loyola Chicago Ramblers,Rhode Island Rams,2026-10-04
Wake Forest Demon Deacons,Florida State Seminoles,2026-10-04
Houston Cougars,West Virginia Mountaineers,2026-10-04
Coppin State Eagles,North Carolina Central Eagles,2026-10-04
Norfolk State Spartans,Delaware State Hornets,2026-10-04
Howard Bison,Maryland Eastern Shore Hawks,2026-10-04
Morgan State Bears,South Carolina State Bulldogs,2026-10-04
Southern Jaguars,Texas Southern Tigers,2026-10-04
Alcorn State Braves,Prairie View A&M Panthers,2026-10-04
Bethune-Cookman Wildcats,Mississippi Valley State Delta Devils,2026-10-04
Florida A&M Rattlers,Jackson State Tigers,2026-10-04
Georgia Tech Yellow Jackets,North Carolina Tar Heels,2026-10-04
Marquette Golden Eagles,Creighton Bluejays,2026-10-04
Indiana Hoosiers,Rutgers Scarlet Knights,2026-10-04
Oklahoma Sooners,Georgia Bulldogs,2026-10-04
New Hampshire Wildcats,UAlbany Great Danes,2026-10-04
Tulsa Golden Hurricane,UAB Blazers,2026-10-04
Wichita State Shockers,Tulane Green Wave,2026-10-04
Navy Midshipmen,American University Eagles,2026-10-04
UCF Knights,TCU Horned Frogs,2026-10-04
Tennessee Volunteers,Auburn Tigers,2026-10-04
Colorado Buffaloes,Baylor Bears,2026-10-04
Vanderbilt Commodores,Ole Miss Rebels,2026-10-04
NJIT Highlanders,UMBC Retrievers,2026-10-04
Texas Tech Red Raiders,Arizona Wildcats,2026-10-04
Illinois Fighting Illini,Oregon Ducks,2026-10-04
Nevada Wolf Pack,New Mexico Lobos,2026-10-04
Iowa State Cyclones,Arizona State Sun Devils,2026-10-04
Purdue Boilermakers,Washington Huskies,2026-10-04
Michigan State Spartans,USC Trojans,2026-10-04
Wisconsin Badgers,Minnesota Golden Gophers,2026-10-04
Kentucky Wildcats,Florida Gators,2026-10-04
UL Monroe Warhawks,Arkansas-Pine Bluff Golden Lions,2026-10-05
VCU Rams,Davidson Wildcats,2026-10-06
Duquesne Dukes,Dayton Flyers,2026-10-06
Bryant Bulldogs,Holy Cross Crusaders,2026-10-06
High Point Panthers,Charleston Cougars,2026-10-06
Robert Morris Colonials,Youngstown State Penguins,2026-10-06
Miami (OH) RedHawks,Ball State Cardinals,2026-10-06
Austin Peay Governors,Eastern Kentucky Colonels,2026-10-06
UNC Greensboro Spartans,East Tennessee State Buccaneers,2026-10-06
Furman Paladins,The Citadel Bulldogs,2026-10-06
Western Carolina Catamounts,Wofford Terriers,2026-10-06
Bradley Braves,Illinois State Redbirds,2026-10-06
Chattanooga Mocs,Tennessee Tech Golden Eagles,2026-10-06
Mercer Bears,Samford Bulldogs,2026-10-06
Idaho Vandals,Eastern Washington Eagles,2026-10-06
Fordham Rams,Rhode Island Rams,2026-10-07
East Carolina Pirates,Charlotte 49ers,2026-10-07
George Washington Revolutionaries,George Mason Patriots,2026-10-07
Jacksonville Dolphins,Florida State Seminoles,2026-10-07
Bethune-Cookman Wildcats,Florida A&M Rattlers,2026-10-07
Saint Peter's Peacocks,NJIT Highlanders,2026-10-07
UAlbany Great Danes,Siena Saints,2026-10-07
SMU Mustangs,Pittsburgh Panthers,2026-10-07
Texas A&M Aggies,Oklahoma Sooners,2026-10-07
Xavier Musketeers,Butler Bulldogs,2026-10-07
Alcorn State Braves,Southern Jaguars,2026-10-07
Western Michigan Broncos,Akron Zips,2026-10-08
Kent State Golden Flashes,Toledo Rockets,2026-10-08
North Carolina Central Eagles,Norfolk State Spartans,2026-10-08
Georgia Southern Eagles,App State Mountaineers,2026-10-08
James Madison Dukes,Marshall Thundering Herd,2026-10-08
Nebraska Cornhuskers,Indiana Hoosiers,2026-10-08
California Golden Bears,Louisville Cardinals,2026-10-08
Baylor Bears,Texas Tech Red Raiders,2026-10-08
Southern Illinois Salukis,Belmont Bruins,2026-10-08
Drake Bulldogs,Northern Iowa Panthers,2026-10-08
Evansville Purple Aces,Valparaiso VALPARAISO,2026-10-08
UT Arlington Mavericks,Abilene Christian Wildcats,2026-10-08
North Alabama Lions,Austin Peay Governors,2026-10-08
Central Arkansas Bears,Tarleton State Texans,2026-10-08
West Georgia Wolves,Little Rock Trojans,2026-10-08
Gonzaga Bulldogs,Texas State Bobcats,2026-10-08
Incarnate Word Cardinals,Stephen F. Austin Lumberjacks,2026-10-08
Houston Christian Huskies,Lamar Cardinals,2026-10-08
BYU Cougars,Houston Cougars,2026-10-08
Texas A&M-Corpus Christi Islanders,East Texas A&M Lions,2026-10-08
Nicholls Colonels,LSU New Orleans Privateers,2026-10-08
UT Rio Grande Valley Vaqueros,Northwestern State Demons,2026-10-08
McNeese Cowboys,SE Louisiana Lions,2026-10-08
Pepperdine Waves,Denver Pioneers,2026-10-08
Kansas City Kangaroos,South Dakota State Jackrabbits,2026-10-08
Oral Roberts Golden Eagles,South Dakota Coyotes,2026-10-08
Eastern Washington Eagles,Northern Colorado Bears,2026-10-08
Weber State Wildcats,Utah Tech Trailblazers,2026-10-08
Washington State Cougars,Colorado State Rams,2026-10-08
Air Force Falcons,Wyoming Cowboys,2026-10-08
Wisconsin Badgers,Illinois Fighting Illini,2026-10-08
Idaho State Bengals,Southern Utah Thunderbirds,2026-10-08
Montana State Bobcats,Northern Arizona Lumberjacks,2026-10-08
Portland Pilots,Pacific Tigers,2026-10-08
West Virginia Mountaineers,Utah Utes,2026-10-08
Oregon State Beavers,San Diego State Aztecs,2026-10-08
Grand Canyon Lopes,UNLV Rebels,2026-10-08
UTEP Miners,Nevada Wolf Pack,2026-10-08
New Mexico Lobos,UC Davis Aggies,2026-10-08
Boise State Broncos,Utah State Aggies,2026-10-08
Seattle U Redhawks,Saint Mary's Gaels,2026-10-08
Loyola Marymount Lions,San Diego Toreros,2026-10-08
Montana Grizzlies,Portland State Vikings,2026-10-08
UC Santa Barbara Gauchos,Long Beach State 49ers,2026-10-08
Seton Hall Pirates,Providence Friars,2026-10-09
Canisius Golden Griffins,Iona Gaels,2026-10-09
Siena Saints,Quinnipiac Bobcats,2026-10-09
North Carolina Tar Heels,Virginia Tech Hokies,2026-10-09
Bellarmine Knights,Florida Gulf Coast Eagles,2026-10-09
Lipscomb Bisons,Stetson Hatters,2026-10-09
Cincinnati Bearcats,UCF Knights,2026-10-09
Florida Atlantic Owls,Temple Owls,2026-10-09
Loyola Chicago Ramblers,Duquesne Dukes,2026-10-09
Rhode Island Rams,VCU Rams,2026-10-09
St. John's Red Storm,UConn Huskies,2026-10-09
Evansville Purple Aces,UIC Flames,2026-10-09
Towson Tigers,Campbell Fighting Camels,2026-10-09
Elon Phoenix,Northeastern Huskies,2026-10-09
Hampton Pirates,Charleston Cougars,2026-10-09
North Carolina A&T Aggies,William & Mary Tribe,2026-10-09
Hofstra Pride,UNC Wilmington Seahawks,2026-10-09
Brown Bears,Pennsylvania Quakers,2026-10-09
Harvard Crimson,Columbia Lions,2026-10-09
Dartmouth Big Green,Cornell Big Red,2026-10-09
Charleston Southern Buccaneers,South Carolina Upstate Spartans,2026-10-09
Gardner-Webb Runnin' Bulldogs,High Point Panthers,2026-10-09
Yale Bulldogs,Princeton Tigers,2026-10-09
Presbyterian Blue Hose,UNC Asheville Bulldogs,2026-10-09
Colgate Raiders,American University Eagles,2026-10-09
Loyola Maryland Greyhounds,Holy Cross Crusaders,2026-10-09
Kennesaw State Owls,Delaware Blue Hens,2026-10-09
New Mexico State Aggies,Liberty Flames,2026-10-09
Green Bay Phoenix,Wright State Raiders,2026-10-09
IU Indianapolis Jaguars,Oakland Golden Grizzlies,2026-10-09
Fairleigh Dickinson Knights,Central Connecticut Blue Devils,2026-10-09
Saint Peter's Peacocks,Fairfield Stags,2026-10-09
Marist Red Foxes,Merrimack Warriors,2026-10-09
Western Michigan Broncos,Akron Zips,2026-10-09
Ohio Bobcats,Bowling Green Falcons,2026-10-09
Eastern Michigan Eagles,Buffalo Bulls,2026-10-09
Kent State Golden Flashes,Toledo Rockets,2026-10-09
Maryland Eastern Shore Hawks,Coppin State Eagles,2026-10-09
Delaware State Hornets,Morgan State Bears,2026-10-09
North Carolina Central Eagles,Howard Bison,2026-10-09
South Carolina State Bulldogs,Norfolk State Spartans,2026-10-09
Georgia Southern Eagles,App State Mountaineers,2026-10-09
Coastal Carolina Chanticleers,Old Dominion Monarchs,2026-10-09
Jacksonville Dolphins,West Florida Argonauts,2026-10-09
New Haven Chargers,Le Moyne Dolphins,2026-10-09
James Madison Dukes,Marshall Thundering Herd,2026-10-09
Mercyhurst Lakers,Stonehill Skyhawks,2026-10-09
Long Island University Sharks,Chicago State Cougars,2026-10-09
East Tennessee State Buccaneers,Chattanooga Mocs,2026-10-09
Furman Paladins,Western Carolina Catamounts,2026-10-09
Tennessee Tech Golden Eagles,Mercer Bears,2026-10-09
Grambling Tigers,Bethune-Cookman Wildcats,2026-10-09
Arkansas-Pine Bluff Golden Lions,Florida A&M Rattlers,2026-10-09
The Citadel Bulldogs,UNC Greensboro Spartans,2026-10-09
Winthrop Eagles,Radford Highlanders,2026-10-09
Ole Miss Rebels,Tennessee Volunteers,2026-10-09
Boston College Eagles,Wake Forest Demon Deacons,2026-10-09
Duke Blue Devils,Virginia Cavaliers,2026-10-09
UCLA Bruins,Maryland Terrapins,2026-10-09
Central Michigan Chippewas,Miami (OH) RedHawks,2026-10-09
LSU Tigers,Kentucky Wildcats,2026-10-09
Minnesota Golden Gophers,Rutgers Scarlet Knights,2026-10-09
USC Trojans,Purdue Boilermakers,2026-10-09
Butler Bulldogs,Creighton Bluejays,2026-10-09
Georgia Bulldogs,Mississippi State Bulldogs,2026-10-09
South Carolina Gamecocks,Alabama Crimson Tide,2026-10-09
UMBC Retrievers,Binghamton Bearcats,2026-10-09
Syracuse Orange,NC State Wolfpack,2026-10-09
Iowa Hawkeyes,Michigan Wolverines,2026-10-09
Georgia Tech Yellow Jackets,Florida State Seminoles,2026-10-09
Clemson Tigers,Miami Hurricanes,2026-10-09
Bryant Bulldogs,New Hampshire Wildcats,2026-10-09
Washington Huskies,Ohio State Buckeyes,2026-10-09
North Florida Ospreys,Queens University Royals,2026-10-09
South Florida Bulls,North Texas Mean Green,2026-10-09
Wichita State Shockers,Rice Owls,2026-10-09
UTSA Roadrunners,Tulsa Golden Hurricane,2026-10-09
Dayton Flyers,Saint Louis Billikens,2026-10-09
Indiana State Sycamores,Illinois State Redbirds,2026-10-09
Navy Midshipmen,Army Black Knights,2026-10-09
Florida International Panthers,Middle Tennessee Blue Raiders,2026-10-09
Western Kentucky Hilltoppers,Jacksonville State Gamecocks,2026-10-09
Louisiana Tech Bulldogs,Louisiana Ragin' Cajuns,2026-10-09
Sam Houston Bearkats,Missouri State Bears,2026-10-09
Cleveland State Vikings,Milwaukee Panthers,2026-10-09
Northern Kentucky Norse,Northern Illinois Huskies,2026-10-09
Youngstown State Penguins,Purdue Fort Wayne Mastodons,2026-10-09
Niagara Purple Eagles,Manhattan Jaspers,2026-10-09
Rider Broncs,Sacred Heart Pioneers,2026-10-09
South Alabama Jaguars,Arkansas State Red Wolves,2026-10-09
Georgia State Panthers,Southern Miss Golden Eagles,2026-10-09
Lindenwood Lions,Southeast Missouri State Redhawks,2026-10-09
Morehead State Eagles,Southern Indiana Screaming Eagles,2026-10-09
Tennessee State Tigers,SIU Edwardsville Cougars,2026-10-09
UL Monroe Warhawks,Troy Trojans,2026-10-09
Alabama State Hornets,Texas Southern Tigers,2026-10-09
Mississippi Valley State Delta Devils,Southern Jaguars,2026-10-09
Alabama A&M Bulldogs,Prairie View A&M Panthers,2026-10-09
Jackson State Tigers,Alcorn State Braves,2026-10-09
Eastern Illinois Panthers,UT Martin Skyhawks,2026-10-09
Murray State Racers,Valparaiso VALPARAISO,2026-10-09
Stanford Cardinal,Notre Dame Fighting Irish,2026-10-09
Arizona Wildcats,TCU Horned Frogs,2026-10-09
Northwestern Wildcats,Penn State Nittany Lions,2026-10-09
Oregon Ducks,Michigan State Spartans,2026-10-09
Memphis Tigers,UAB Blazers,2026-10-09
Kansas State Wildcats,Iowa State Cyclones,2026-10-09
St. Thomas Tommies,Omaha Mavericks,2026-10-09
Wofford Terriers,Samford Bulldogs,2026-10-09
Charlotte 49ers,Tulane Green Wave,2026-10-09
Texas Longhorns,Arkansas Razorbacks,2026-10-09
Florida Gators,Missouri Tigers,2026-10-09
Auburn Tigers,Vanderbilt Commodores,2026-10-09
Villanova Wildcats,DePaul Blue Demons,2026-10-09
Georgetown Hoyas,Marquette Golden Eagles,2026-10-09
Cal Poly Mustangs,Cal State Fullerton Titans,2026-10-09
Cal State Bakersfield Roadrunners,California Baptist Lancers,2026-10-09
Cal State Northridge Matadors,UC Riverside Highlanders,2026-10-09
Utah Valley Wolverines,UC Irvine Anteaters,2026-10-09
Colorado Buffaloes,Arizona State Sun Devils,2026-10-09
Sacramento State Hornets,UC San Diego Tritons,2026-10-09
San José State Spartans,Hawai'i Rainbow Warriors,2026-10-09
Wisconsin Badgers,Nebraska Cornhuskers,2026-10-09
North Alabama Lions,Eastern Kentucky Colonels,2026-10-10
Rhode Island Rams,VCU Rams,2026-10-10
Incarnate Word Cardinals,Lamar Cardinals,2026-10-10
McNeese Cowboys,LSU New Orleans Privateers,2026-10-10
Montana Grizzlies,Northern Arizona Lumberjacks,2026-10-10
New Mexico State Aggies,Liberty Flames,2026-10-10
Loyola Maryland Greyhounds,Lafayette Leopards,2026-10-10
New Haven Chargers,Le Moyne Dolphins,2026-10-10
Mercyhurst Lakers,Stonehill Skyhawks,2026-10-10
Long Island University Sharks,Chicago State Cougars,2026-10-10
Houston Christian Huskies,Stephen F. Austin Lumberjacks,2026-10-10
Nicholls Colonels,SE Louisiana Lions,2026-10-10
Dayton Flyers,Saint Louis Billikens,2026-10-10
Loyola Chicago Ramblers,Duquesne Dukes,2026-10-10
George Mason Patriots,Fordham Rams,2026-10-10
Loyola Marymount Lions,Denver Pioneers,2026-10-10
Kansas City Kangaroos,South Dakota Coyotes,2026-10-10
North Dakota State Bison,North Dakota Fighting Hawks,2026-10-10
Oral Roberts Golden Eagles,South Dakota State Jackrabbits,2026-10-10
Idaho State Bengals,Utah Tech Trailblazers,2026-10-10
Towson Tigers,Campbell Fighting Camels,2026-10-10
Elon Phoenix,Northeastern Huskies,2026-10-10
Hampton Pirates,Charleston Cougars,2026-10-10
Hofstra Pride,UNC Wilmington Seahawks,2026-10-10
Washington State Cougars,Texas State Bobcats,2026-10-10
Western Kentucky Hilltoppers,Jacksonville State Gamecocks,2026-10-10
Kennesaw State Owls,Delaware Blue Hens,2026-10-10
Louisiana Tech Bulldogs,Louisiana Ragin' Cajuns,2026-10-10
Sam Houston Bearkats,Missouri State Bears,2026-10-10
Green Bay Phoenix,Wright State Raiders,2026-10-10
IU Indianapolis Jaguars,Oakland Golden Grizzlies,2026-10-10
Youngstown State Penguins,Purdue Fort Wayne Mastodons,2026-10-10
Canisius Golden Griffins,Manhattan Jaspers,2026-10-10
Niagara Purple Eagles,Iona Gaels,2026-10-10
Siena Saints,Merrimack Warriors,2026-10-10
Abilene Christian Wildcats,Tarleton State Texans,2026-10-10
West Georgia Wolves,Central Arkansas Bears,2026-10-10
UT Arlington Mavericks,Little Rock Trojans,2026-10-10
South Alabama Jaguars,Arkansas State Red Wolves,2026-10-10
Coastal Carolina Chanticleers,Old Dominion Monarchs,2026-10-10
UT Rio Grande Valley Vaqueros,East Texas A&M Lions,2026-10-10
Texas A&M-Corpus Christi Islanders,Northwestern State Demons,2026-10-10
Tennessee Tech Golden Eagles,Mercer Bears,2026-10-10
Winthrop Eagles,High Point Panthers,2026-10-10
Davidson Wildcats,George Washington Revolutionaries,2026-10-10
Pepperdine Waves,San Diego Toreros,2026-10-10
Santa Clara Broncos,San Francisco Dons,2026-10-10
Seattle U Redhawks,Pacific Tigers,2026-10-10
St. John's Red Storm,Providence Friars,2026-10-10
Belmont Bruins,Bradley Braves,2026-10-10
Oregon State Beavers,Colorado State Rams,2026-10-10
Florida International Panthers,Middle Tennessee Blue Raiders,2026-10-10
Cleveland State Vikings,Milwaukee Panthers,2026-10-10
Northern Kentucky Norse,Northern Illinois Huskies,2026-10-10
Marist Red Foxes,Quinnipiac Bobcats,2026-10-10
Georgia State Panthers,Southern Miss Golden Eagles,2026-10-10
Boise State Broncos,Fresno State Bulldogs,2026-10-10
Gonzaga Bulldogs,San Diego State Aztecs,2026-10-10
Lindenwood Lions,Southeast Missouri State Redhawks,2026-10-10
Morehead State Eagles,Southern Indiana Screaming Eagles,2026-10-10
UL Monroe Warhawks,Troy Trojans,2026-10-10
Eastern Illinois Panthers,UT Martin Skyhawks,2026-10-10
Weber State Wildcats,Southern Utah Thunderbirds,2026-10-10
Seton Hall Pirates,UConn Huskies,2026-10-10
Idaho Vandals,Northern Colorado Bears,2026-10-10
North Carolina A&T Aggies,William & Mary Tribe,2026-10-10
Charleston Southern Buccaneers,UNC Asheville Bulldogs,2026-10-10
Gardner-Webb Runnin' Bulldogs,Radford Highlanders,2026-10-10
American University Eagles,Bucknell Bison,2026-10-10
Rider Broncs,Fairfield Stags,2026-10-10
Central Michigan Chippewas,Ball State Cardinals,2026-10-10
Eastern Michigan Eagles,Buffalo Bulls,2026-10-10
Wyoming Cowboys,Air Force Falcons,2026-10-10
UTEP Miners,Nevada Wolf Pack,2026-10-10
New Mexico Lobos,UC Davis Aggies,2026-10-10
Furman Paladins,Western Carolina Catamounts,2026-10-10
The Citadel Bulldogs,UNC Greensboro Spartans,2026-10-10
Presbyterian Blue Hose,South Carolina Upstate Spartans,2026-10-10
Portland Pilots,Saint Mary's Gaels,2026-10-10
Georgetown Hoyas,DePaul Blue Demons,2026-10-10
Brown Bears,Princeton Tigers,2026-10-10
Dartmouth Big Green,Columbia Lions,2026-10-10
Harvard Crimson,Cornell Big Red,2026-10-10
Yale Bulldogs,Pennsylvania Quakers,2026-10-10
UC Santa Barbara Gauchos,Cal State Fullerton Titans,2026-10-10
Fairleigh Dickinson Knights,Central Connecticut Blue Devils,2026-10-10
East Tennessee State Buccaneers,Chattanooga Mocs,2026-10-10
Wofford Terriers,Samford Bulldogs,2026-10-10
Villanova Wildcats,Marquette Golden Eagles,2026-10-10
Drake Bulldogs,Indiana State Sycamores,2026-10-10
Northern Iowa Panthers,Southern Illinois Salukis,2026-10-10
Ohio Bobcats,Bowling Green Falcons,2026-10-10
Murray State Racers,UIC Flames,2026-10-10
Saint Peter's Peacocks,Sacred Heart Pioneers,2026-10-10
Oregon Ducks,Michigan Wolverines,2026-10-10
Northwestern Wildcats,Maryland Terrapins,2026-10-10
Lehigh Mountain Hawks,Army Black Knights,2026-10-10
UNLV Rebels,Grand Canyon Lopes,2026-10-10
Tennessee State Tigers,SIU Edwardsville Cougars,2026-10-10
UCLA Bruins,Rutgers Scarlet Knights,2026-10-10
Sacramento State Hornets,UC Irvine Anteaters,2026-10-10
Utah Valley Wolverines,UC San Diego Tritons,2026-10-10
West Virginia Mountaineers,BYU Cougars,2026-10-10
Cal Poly Mustangs,Long Beach State 49ers,2026-10-10
Cal State Bakersfield Roadrunners,UC Riverside Highlanders,2026-10-10
Cal State Northridge Matadors,California Baptist Lancers,2026-10-10
Montana State Bobcats,Portland State Vikings,2026-10-10
San José State Spartans,Hawai'i Rainbow Warriors,2026-10-10
Washington Huskies,Penn State Nittany Lions,2026-10-11
North Texas Mean Green,Temple Owls,2026-10-11
Arkansas-Pine Bluff Golden Lions,Bethune-Cookman Wildcats,2026-10-11
Stanford Cardinal,Louisville Cardinals,2026-10-11
Illinois Fighting Illini,Purdue Boilermakers,2026-10-11
North Carolina Tar Heels,Virginia Cavaliers,2026-10-11
Texas A&M Aggies,Arkansas Razorbacks,2026-10-11
Kansas Jayhawks,UCF Knights,2026-10-11
Boston College Eagles,NC State Wolfpack,2026-10-11
Duke Blue Devils,Virginia Tech Hokies,2026-10-11
UAlbany Great Danes,Binghamton Bearcats,2026-10-11
Iowa Hawkeyes,Michigan State Spartans,2026-10-11
Georgia Tech Yellow Jackets,Miami Hurricanes,2026-10-11
Clemson Tigers,Florida State Seminoles,2026-10-11
California Golden Bears,Notre Dame Fighting Irish,2026-10-11
NJIT Highlanders,New Hampshire Wildcats,2026-10-11
Lipscomb Bisons,Florida Gulf Coast Eagles,2026-10-11
North Florida Ospreys,West Florida Argonauts,2026-10-11
Jacksonville Dolphins,Queens University Royals,2026-10-11
Iowa State Cyclones,Cincinnati Bearcats,2026-10-11
Florida Atlantic Owls,East Carolina Pirates,2026-10-11
Davidson Wildcats,George Washington Revolutionaries,2026-10-11
Syracuse Orange,Wake Forest Demon Deacons,2026-10-11
Coppin State Eagles,Delaware State Hornets,2026-10-11
South Carolina State Bulldogs,Howard Bison,2026-10-11
Bellarmine Knights,Stetson Hatters,2026-10-11
Alabama A&M Bulldogs,Texas Southern Tigers,2026-10-11
Jackson State Tigers,Southern Jaguars,2026-10-11
Alabama State Hornets,Prairie View A&M Panthers,2026-10-11
Mississippi Valley State Delta Devils,Alcorn State Braves,2026-10-11
Morgan State Bears,Maryland Eastern Shore Hawks,2026-10-11
Ole Miss Rebels,Kentucky Wildcats,2026-10-11
Florida Gators,Vanderbilt Commodores,2026-10-11
Xavier Musketeers,Creighton Bluejays,2026-10-11
USC Trojans,Indiana Hoosiers,2026-10-11
LSU Tigers,Tennessee Volunteers,2026-10-11
Wichita State Shockers,Tulsa Golden Hurricane,2026-10-11
South Florida Bulls,UTSA Roadrunners,2026-10-11
Holy Cross Crusaders,Bucknell Bison,2026-10-11
Lafayette Leopards,Colgate Raiders,2026-10-11
UAB Blazers,Tulane Green Wave,2026-10-11
George Mason Patriots,Fordham Rams,2026-10-11
Pittsburgh Panthers,SMU Mustangs,2026-10-11
Texas Longhorns,Oklahoma Sooners,2026-10-11
Arizona Wildcats,Baylor Bears,2026-10-11
Kansas State Wildcats,Colorado Buffaloes,2026-10-11
Auburn Tigers,Missouri Tigers,2026-10-11
Georgia Bulldogs,Alabama Crimson Tide,2026-10-11
South Carolina Gamecocks,Mississippi State Bulldogs,2026-10-11
Memphis Tigers,Rice Owls,2026-10-11
Lehigh Mountain Hawks,Navy Midshipmen,2026-10-11
Grambling Tigers,Florida A&M Rattlers,2026-10-11
Minnesota Golden Gophers,Ohio State Buckeyes,2026-10-11
TCU Horned Frogs,Arizona State Sun Devils,2026-10-11
Howard Bison,UMBC Retrievers,2026-10-13
Saint Peter's Peacocks,Fairleigh Dickinson Knights,2026-10-13
Buffalo Bulls,Akron Zips,2026-10-13
Milwaukee Panthers,Green Bay Phoenix,2026-10-13
Little Rock Trojans,Central Arkansas Bears,2026-10-13
Weber State Wildcats,Idaho State Bengals,2026-10-13
Coastal Carolina Chanticleers,UNC Wilmington Seahawks,2026-10-14
Towson Tigers,Coppin State Eagles,2026-10-14
Kent State Golden Flashes,Central Michigan Chippewas,2026-10-14
Mississippi State Bulldogs,Missouri Tigers,2026-10-14
North Texas Mean Green,UTSA Roadrunners,2026-10-14
Virginia Tech Hokies,Virginia Cavaliers,2026-10-14
Georgetown Hoyas,Villanova Wildcats,2026-10-14
Oregon State Beavers,Texas State Bobcats,2026-10-14
SE Louisiana Lions,Incarnate Word Cardinals,2026-10-14
Kent State Golden Flashes,Central Michigan Chippewas,2026-10-15
Miami (OH) RedHawks,Eastern Michigan Eagles,2026-10-15
Eastern Kentucky Colonels,West Georgia Wolves,2026-10-15
App State Mountaineers,James Madison Dukes,2026-10-15
Purdue Boilermakers,Iowa Hawkeyes,2026-10-15
Michigan State Spartans,Illinois Fighting Illini,2026-10-15
Belmont Bruins,Murray State Racers,2026-10-15
Indiana State Sycamores,Bradley Braves,2026-10-15
Milwaukee Panthers,Northern Illinois Huskies,2026-10-15
Abilene Christian Wildcats,Austin Peay Governors,2026-10-15
Tarleton State Texans,Little Rock Trojans,2026-10-15
UT Arlington Mavericks,North Alabama Lions,2026-10-15
Southern Miss Golden Eagles,UL Monroe Warhawks,2026-10-15
East Texas A&M Lions,McNeese Cowboys,2026-10-15
Mississippi Valley State Delta Devils,Alabama State Hornets,2026-10-15
Tennessee State Tigers,Eastern Illinois Panthers,2026-10-15
Kansas Jayhawks,Kansas State Wildcats,2026-10-15
Colorado Buffaloes,Iowa State Cyclones,2026-10-15
South Dakota Coyotes,North Dakota Fighting Hawks,2026-10-15
LSU New Orleans Privateers,Houston Christian Huskies,2026-10-15
Northwestern State Demons,Nicholls Colonels,2026-10-15
Stephen F. Austin Lumberjacks,UT Rio Grande Valley Vaqueros,2026-10-15
Lamar Cardinals,Texas A&M-Corpus Christi Islanders,2026-10-15
Nebraska Cornhuskers,Northwestern Wildcats,2026-10-15
St. Thomas Tommies,Kansas City Kangaroos,2026-10-15
South Dakota State Jackrabbits,North Dakota State Bison,2026-10-15
Omaha Mavericks,Oral Roberts Golden Eagles,2026-10-15
Washington State Cougars,Boise State Broncos,2026-10-15
Long Beach State 49ers,Utah Valley Wolverines,2026-10-15
Grand Canyon Lopes,Air Force Falcons,2026-10-15
New Mexico Lobos,UTEP Miners,2026-10-15
Hawai'i Rainbow Warriors,Wyoming Cowboys,2026-10-15
BYU Cougars,Utah Utes,2026-10-15
Denver Pioneers,Portland Pilots,2026-10-15
Saint Mary's Gaels,San Francisco Dons,2026-10-15
San Diego Toreros,Seattle U Redhawks,2026-10-15
Northern Arizona Lumberjacks,Eastern Washington Eagles,2026-10-15
Northern Colorado Bears,Idaho State Bengals,2026-10-15
Southern Utah Thunderbirds,Montana Grizzlies,2026-10-15
Utah Tech Trailblazers,Montana State Bobcats,2026-10-15
Nevada Wolf Pack,UNLV Rebels,2026-10-15
Fresno State Bulldogs,Gonzaga Bulldogs,2026-10-15
Utah State Aggies,San Diego State Aztecs,2026-10-15
Arizona Wildcats,Arizona State Sun Devils,2026-10-15
Pacific Tigers,Santa Clara Broncos,2026-10-15
Portland State Vikings,Idaho Vandals,2026-10-15
Cal State Fullerton Titans,Sacramento State Hornets,2026-10-15
Charleston Cougars,Stony Brook Seawolves,2026-10-16
Middle Tennessee Blue Raiders,Western Kentucky Hilltoppers,2026-10-16
Jackson State Tigers,Alabama A&M Bulldogs,2026-10-16
VCU Rams,George Mason Patriots,2026-10-16
Duquesne Dukes,Rhode Island Rams,2026-10-16
DePaul Blue Demons,Seton Hall Pirates,2026-10-16
Tennessee State Tigers,Eastern Illinois Panthers,2026-10-16
Creighton Bluejays,Villanova Wildcats,2026-10-16
Boston College Eagles,Clemson Tigers,2026-10-16
Binghamton Bearcats,NJIT Highlanders,2026-10-16
Florida Gulf Coast Eagles,Jacksonville Dolphins,2026-10-16
Stetson Hatters,North Florida Ospreys,2026-10-16
Cincinnati Bearcats,West Virginia Mountaineers,2026-10-16
Temple Owls,Memphis Tigers,2026-10-16
Saint Louis Billikens,Fordham Rams,2026-10-16
Virginia Cavaliers,Virginia Tech Hokies,2026-10-16
Providence Friars,Xavier Musketeers,2026-10-16
Illinois State Redbirds,Evansville Purple Aces,2026-10-16
Southern Illinois Salukis,Murray State Racers,2026-10-16
Campbell Fighting Camels,Hampton Pirates,2026-10-16
William & Mary Tribe,Elon Phoenix,2026-10-16
UNC Wilmington Seahawks,North Carolina A&T Aggies,2026-10-16
Northeastern Huskies,Hofstra Pride,2026-10-16
Cornell Big Red,Brown Bears,2026-10-16
Columbia Lions,Yale Bulldogs,2026-10-16
Pennsylvania Quakers,Dartmouth Big Green,2026-10-16
Princeton Tigers,Harvard Crimson,2026-10-16
High Point Panthers,Charleston Southern Buccaneers,2026-10-16
South Carolina Upstate Spartans,Gardner-Webb Runnin' Bulldogs,2026-10-16
UNC Asheville Bulldogs,Winthrop Eagles,2026-10-16
Liberty Flames,Florida International Panthers,2026-10-16
Youngstown State Penguins,Cleveland State Vikings,2026-10-16
Wright State Raiders,IU Indianapolis Jaguars,2026-10-16
Purdue Fort Wayne Mastodons,Northern Kentucky Norse,2026-10-16
Oakland Golden Grizzlies,Robert Morris Colonials,2026-10-16
Fairleigh Dickinson Knights,Stonehill Skyhawks,2026-10-16
Quinnipiac Bobcats,Canisius Golden Griffins,2026-10-16
Iona Gaels,Rider Broncs,2026-10-16
Manhattan Jaspers,Saint Peter's Peacocks,2026-10-16
Merrimack Warriors,Niagara Purple Eagles,2026-10-16
Ball State Cardinals,Ohio Bobcats,2026-10-16
Bowling Green Falcons,Buffalo Bulls,2026-10-16
Miami (OH) RedHawks,Eastern Michigan Eagles,2026-10-16
Toledo Rockets,Western Michigan Broncos,2026-10-16
Morgan State Bears,Coppin State Eagles,2026-10-16
Delaware State Hornets,Maryland Eastern Shore Hawks,2026-10-16
Howard Bison,Norfolk State Spartans,2026-10-16
South Carolina State Bulldogs,North Carolina Central Eagles,2026-10-16
App State Mountaineers,James Madison Dukes,2026-10-16
Arkansas State Red Wolves,Georgia Southern Eagles,2026-10-16
Bellarmine Knights,West Florida Argonauts,2026-10-16
New Haven Chargers,Long Island University Sharks,2026-10-16
Old Dominion Monarchs,Georgia State Panthers,2026-10-16
Le Moyne Dolphins,Mercyhurst Lakers,2026-10-16
Chicago State Cougars,Central Connecticut Blue Devils,2026-10-16
Southeast Missouri State Redhawks,Morehead State Eagles,2026-10-16
Western Carolina Catamounts,Chattanooga Mocs,2026-10-16
Wofford Terriers,East Tennessee State Buccaneers,2026-10-16
Mercer Bears,Furman Paladins,2026-10-16
Florida A&M Rattlers,Bethune-Cookman Wildcats,2026-10-16
UNC Greensboro Spartans,Tennessee Tech Golden Eagles,2026-10-16
Samford Bulldogs,The Citadel Bulldogs,2026-10-16
Sacred Heart Pioneers,Siena Saints,2026-10-16
Charlotte 49ers,South Florida Bulls,2026-10-16
Tulane Green Wave,Florida Atlantic Owls,2026-10-16
Radford Highlanders,Presbyterian Blue Hose,2026-10-16
North Carolina Tar Heels,Notre Dame Fighting Irish,2026-10-16
Florida State Seminoles,Pittsburgh Panthers,2026-10-16
Kentucky Wildcats,Oklahoma Sooners,2026-10-16
Duke Blue Devils,Louisville Cardinals,2026-10-16
Florida Gators,Texas A&M Aggies,2026-10-16
Georgia Bulldogs,Ole Miss Rebels,2026-10-16
Syracuse Orange,Georgia Tech Yellow Jackets,2026-10-16
Lipscomb Bisons,Queens University Royals,2026-10-16
Rice Owls,Tulsa Golden Hurricane,2026-10-16
UTSA Roadrunners,Wichita State Shockers,2026-10-16
Davidson Wildcats,Loyola Chicago Ramblers,2026-10-16
George Washington Revolutionaries,Dayton Flyers,2026-10-16
UConn Huskies,Butler Bulldogs,2026-10-16
Marquette Golden Eagles,St. John's Red Storm,2026-10-16
UIC Flames,Drake Bulldogs,2026-10-16
Valparaiso VALPARAISO,Northern Iowa Panthers,2026-10-16
Missouri State Bears,Kennesaw State Owls,2026-10-16
Troy Trojans,Louisiana Tech Bulldogs,2026-10-16
Delaware Blue Hens,Sam Houston Bearkats,2026-10-16
Northern Illinois Huskies,Green Bay Phoenix,2026-10-16
Fairfield Stags,Marist Red Foxes,2026-10-16
Austin Peay Governors,North Alabama Lions,2026-10-16
Louisiana Ragin' Cajuns,South Alabama Jaguars,2026-10-16
Southern Indiana Screaming Eagles,Lindenwood Lions,2026-10-16
Southern Miss Golden Eagles,UL Monroe Warhawks,2026-10-16
Prairie View A&M Panthers,Grambling Tigers,2026-10-16
UT Martin Skyhawks,Western Illinois Leathernecks,2026-10-16
Auburn Tigers,Texas Longhorns,2026-10-16
Texas Tech Red Raiders,TCU Horned Frogs,2026-10-16
East Carolina Pirates,UAB Blazers,2026-10-16
UCF Knights,Houston Cougars,2026-10-16
Maryland Terrapins,Wisconsin Badgers,2026-10-16
Miami Hurricanes,SMU Mustangs,2026-10-16
Michigan Wolverines,Minnesota Golden Gophers,2026-10-16
Tennessee Volunteers,Arkansas Razorbacks,2026-10-16
South Carolina Gamecocks,LSU Tigers,2026-10-16
Alabama Crimson Tide,Vanderbilt Commodores,2026-10-16
Jacksonville State Gamecocks,New Mexico State Aggies,2026-10-16
Grand Canyon Lopes,Air Force Falcons,2026-10-16
Indiana Hoosiers,Oregon Ducks,2026-10-16
California Baptist Lancers,Cal Poly Mustangs,2026-10-16
UC Irvine Anteaters,Cal State Bakersfield Roadrunners,2026-10-16
UC San Diego Tritons,Cal State Northridge Matadors,2026-10-16
UC Davis Aggies,San José State Spartans,2026-10-16
Wake Forest Demon Deacons,Stanford Cardinal,2026-10-16
Penn State Nittany Lions,UCLA Bruins,2026-10-16
Ohio State Buckeyes,USC Trojans,2026-10-16
NC State Wolfpack,California Golden Bears,2026-10-16
Rutgers Scarlet Knights,Washington Huskies,2026-10-16
UC Riverside Highlanders,UC Santa Barbara Gauchos,2026-10-16
Purdue Boilermakers,Nebraska Cornhuskers,2026-10-16
Penn State Nittany Lions,USC Trojans,2026-10-16
Northern Arizona Lumberjacks,Idaho Vandals,2026-10-16
Duquesne Dukes,Rhode Island Rams,2026-10-17
South Dakota Coyotes,North Dakota State Bison,2026-10-17
South Dakota State Jackrabbits,North Dakota Fighting Hawks,2026-10-17
Charleston Cougars,Stony Brook Seawolves,2026-10-17
Abilene Christian Wildcats,Eastern Kentucky Colonels,2026-10-17
George Washington Revolutionaries,Dayton Flyers,2026-10-17
Liberty Flames,Florida International Panthers,2026-10-17
Delaware Blue Hens,Sam Houston Bearkats,2026-10-17
Iona Gaels,Saint Peter's Peacocks,2026-10-17
Arkansas State Red Wolves,Georgia Southern Eagles,2026-10-17
New Haven Chargers,Long Island University Sharks,2026-10-17
Chicago State Cougars,Central Connecticut Blue Devils,2026-10-17
St. Thomas Tommies,Oral Roberts Golden Eagles,2026-10-17
Houston Christian Huskies,SE Louisiana Lions,2026-10-17
Lamar Cardinals,UT Rio Grande Valley Vaqueros,2026-10-17
Davidson Wildcats,Loyola Chicago Ramblers,2026-10-17
Saint Louis Billikens,Fordham Rams,2026-10-17
Omaha Mavericks,Kansas City Kangaroos,2026-10-17
Campbell Fighting Camels,Hampton Pirates,2026-10-17
William & Mary Tribe,Elon Phoenix,2026-10-17
Missouri State Bears,Kennesaw State Owls,2026-10-17
Troy Trojans,Louisiana Tech Bulldogs,2026-10-17
Middle Tennessee Blue Raiders,Western Kentucky Hilltoppers,2026-10-17
Youngstown State Penguins,Cleveland State Vikings,2026-10-17
Wright State Raiders,IU Indianapolis Jaguars,2026-10-17
Purdue Fort Wayne Mastodons,Northern Kentucky Norse,2026-10-17
Merrimack Warriors,Canisius Golden Griffins,2026-10-17
Fairfield Stags,Siena Saints,2026-10-17
Quinnipiac Bobcats,Niagara Purple Eagles,2026-10-17
Tarleton State Texans,Central Arkansas Bears,2026-10-17
Old Dominion Monarchs,Georgia State Panthers,2026-10-17
Louisiana Ragin' Cajuns,South Alabama Jaguars,2026-10-17
Southeast Missouri State Redhawks,Morehead State Eagles,2026-10-17
Incarnate Word Cardinals,LSU New Orleans Privateers,2026-10-17
East Texas A&M Lions,Nicholls Colonels,2026-10-17
Stephen F. Austin Lumberjacks,Texas A&M-Corpus Christi Islanders,2026-10-17
Northwestern State Demons,McNeese Cowboys,2026-10-17
Wofford Terriers,East Tennessee State Buccaneers,2026-10-17
Mercer Bears,Furman Paladins,2026-10-17
Samford Bulldogs,The Citadel Bulldogs,2026-10-17
High Point Panthers,Presbyterian Blue Hose,2026-10-17
UAlbany Great Danes,Bryant Bulldogs,2026-10-17
VCU Rams,George Mason Patriots,2026-10-17
Pacific Tigers,San Francisco Dons,2026-10-17
Utah Utes,Iowa State Cyclones,2026-10-17
Portland State Vikings,Eastern Washington Eagles,2026-10-17
Fresno State Bulldogs,Washington State Cougars,2026-10-17
Northeastern Huskies,Hofstra Pride,2026-10-17
Cal State Fullerton Titans,Utah Valley Wolverines,2026-10-17
Long Beach State 49ers,Sacramento State Hornets,2026-10-17
Jacksonville State Gamecocks,New Mexico State Aggies,2026-10-17
Oakland Golden Grizzlies,Robert Morris Colonials,2026-10-17
Boise State Broncos,Gonzaga Bulldogs,2026-10-17
Utah State Aggies,Colorado State Rams,2026-10-17
Texas State Bobcats,San Diego State Aztecs,2026-10-17
Southern Indiana Screaming Eagles,Lindenwood Lions,2026-10-17
UT Martin Skyhawks,Western Illinois Leathernecks,2026-10-17
Denver Pioneers,Seattle U Redhawks,2026-10-17
Pepperdine Waves,Loyola Marymount Lions,2026-10-17
Saint Mary's Gaels,Santa Clara Broncos,2026-10-17
San Diego Toreros,Portland Pilots,2026-10-17
Radford Highlanders,Charleston Southern Buccaneers,2026-10-17
UNC Asheville Bulldogs,Gardner-Webb Runnin' Bulldogs,2026-10-17
American University Eagles,Colgate Raiders,2026-10-17
Army Black Knights,Navy Midshipmen,2026-10-17
Bucknell Bison,Holy Cross Crusaders,2026-10-17
Lafayette Leopards,Loyola Maryland Greyhounds,2026-10-17
Ball State Cardinals,Ohio Bobcats,2026-10-17
Toledo Rockets,Western Michigan Broncos,2026-10-17
Nevada Wolf Pack,UNLV Rebels,2026-10-17
UC Davis Aggies,San José State Spartans,2026-10-17
Le Moyne Dolphins,Mercyhurst Lakers,2026-10-17
Western Carolina Catamounts,Chattanooga Mocs,2026-10-17
Sacred Heart Pioneers,Marist Red Foxes,2026-10-17
South Carolina Upstate Spartans,Winthrop Eagles,2026-10-17
Fairleigh Dickinson Knights,Stonehill Skyhawks,2026-10-17
Marquette Golden Eagles,Seton Hall Pirates,2026-10-17
Belmont Bruins,Evansville Purple Aces,2026-10-17
UNC Wilmington Seahawks,North Carolina A&T Aggies,2026-10-17
Columbia Lions,Brown Bears,2026-10-17
Cornell Big Red,Yale Bulldogs,2026-10-17
Princeton Tigers,Dartmouth Big Green,2026-10-17
Pennsylvania Quakers,Harvard Crimson,2026-10-17
Creighton Bluejays,Georgetown Hoyas,2026-10-17
Florida Gulf Coast Eagles,North Florida Ospreys,2026-10-17
UConn Huskies,Xavier Musketeers,2026-10-17
Providence Friars,Butler Bulldogs,2026-10-17
Bradley Braves,Southern Illinois Salukis,2026-10-17
Valparaiso VALPARAISO,Drake Bulldogs,2026-10-17
UIC Flames,Northern Iowa Panthers,2026-10-17
Manhattan Jaspers,Rider Broncs,2026-10-17
Bowling Green Falcons,Akron Zips,2026-10-17
Marshall Thundering Herd,Coastal Carolina Chanticleers,2026-10-17
Stetson Hatters,Jacksonville Dolphins,2026-10-17
Illinois State Redbirds,Indiana State Sycamores,2026-10-17
UC Riverside Highlanders,Cal Poly Mustangs,2026-10-17
UC Irvine Anteaters,Cal State Northridge Matadors,2026-10-17
UNC Greensboro Spartans,Tennessee Tech Golden Eagles,2026-10-17
Maryland Terrapins,Minnesota Golden Gophers,2026-10-17
Michigan State Spartans,Northwestern Wildcats,2026-10-17
Northern Colorado Bears,Weber State Wildcats,2026-10-17
Hawai'i Rainbow Warriors,Wyoming Cowboys,2026-10-17
BYU Cougars,Arizona Wildcats,2026-10-17
Utah Tech Trailblazers,Montana Grizzlies,2026-10-17
UC San Diego Tritons,Cal State Bakersfield Roadrunners,2026-10-17
UTEP Miners,New Mexico Lobos,2026-10-17
Southern Utah Thunderbirds,Montana State Bobcats,2026-10-17
California Baptist Lancers,UC Santa Barbara Gauchos,2026-10-17
UT Arlington Mavericks,West Georgia Wolves,2026-10-17
Alabama Crimson Tide,Missouri Tigers,2026-10-17
Miami Hurricanes,Pittsburgh Panthers,2026-10-18
North Carolina Tar Heels,Louisville Cardinals,2026-10-18
Arizona State Sun Devils,Kansas Jayhawks,2026-10-18
Auburn Tigers,Texas A&M Aggies,2026-10-18
South Carolina Gamecocks,Ole Miss Rebels,2026-10-18
Boston College Eagles,Georgia Tech Yellow Jackets,2026-10-18
Duke Blue Devils,Notre Dame Fighting Irish,2026-10-18
Syracuse Orange,Clemson Tigers,2026-10-18
New Hampshire Wildcats,UMBC Retrievers,2026-10-18
Lipscomb Bisons,West Florida Argonauts,2026-10-18
Bellarmine Knights,Queens University Royals,2026-10-18
East Carolina Pirates,Memphis Tigers,2026-10-18
Rice Owls,Wichita State Shockers,2026-10-18
West Virginia Mountaineers,UCF Knights,2026-10-18
Norfolk State Spartans,Coppin State Eagles,2026-10-18
Prairie View A&M Panthers,Arkansas-Pine Bluff Golden Lions,2026-10-18
Jackson State Tigers,Alabama State Hornets,2026-10-18
Charlotte 49ers,Florida Atlantic Owls,2026-10-18
Tulane Green Wave,South Florida Bulls,2026-10-18
Florida State Seminoles,SMU Mustangs,2026-10-18
Georgia Bulldogs,LSU Tigers,2026-10-18
Mississippi State Bulldogs,Vanderbilt Commodores,2026-10-18
Michigan Wolverines,Illinois Fighting Illini,2026-10-18
Tulsa Golden Hurricane,North Texas Mean Green,2026-10-18
Temple Owls,UAB Blazers,2026-10-18
Texas Tech Red Raiders,Houston Cougars,2026-10-18
Marshall Thundering Herd,Coastal Carolina Chanticleers,2026-10-18
Texas Southern Tigers,Grambling Tigers,2026-10-18
Wisconsin Badgers,Iowa Hawkeyes,2026-10-18
Baylor Bears,TCU Horned Frogs,2026-10-18
Tennessee Volunteers,Oklahoma Sooners,2026-10-18
NC State Wolfpack,Stanford Cardinal,2026-10-18
Rutgers Scarlet Knights,Oregon Ducks,2026-10-18
Wake Forest Demon Deacons,California Golden Bears,2026-10-18
Indiana Hoosiers,Washington Huskies,2026-10-18
DePaul Blue Demons,St. John's Red Storm,2026-10-18
Ohio State Buckeyes,UCLA Bruins,2026-10-18
Edward Waters Tigers,South Carolina State Bulldogs,2026-10-18
Kentucky Wildcats,Arkansas Razorbacks,2026-10-18
Florida Gators,Texas Longhorns,2026-10-18
Texas Southern Tigers,Arkansas-Pine Bluff Golden Lions,2026-10-19
Mississippi Valley State Delta Devils,Alabama A&M Bulldogs,2026-10-19
Binghamton Bearcats,Fairleigh Dickinson Knights,2026-10-20
North Carolina Central Eagles,Gardner-Webb Runnin' Bulldogs,2026-10-20
Northern Kentucky Norse,Wright State Raiders,2026-10-20
Siena Saints,Le Moyne Dolphins,2026-10-20
Ball State Cardinals,Miami (OH) RedHawks,2026-10-20
Tarleton State Texans,UT Arlington Mavericks,2026-10-20
Portland State Vikings,Northern Arizona Lumberjacks,2026-10-20
Florida Atlantic Owls,South Florida Bulls,2026-10-21
Kentucky Wildcats,Tennessee Volunteers,2026-10-21
Central Arkansas Bears,Austin Peay Governors,2026-10-21
SIU Edwardsville Cougars,Lindenwood Lions,2026-10-21
Alabama A&M Bulldogs,Alabama State Hornets,2026-10-21
Stephen F. Austin Lumberjacks,East Texas A&M Lions,2026-10-21
Lamar Cardinals,Northwestern State Demons,2026-10-21
Hampton Pirates,Towson Tigers,2026-10-22
Oakland Golden Grizzlies,Cleveland State Vikings,2026-10-22
Eastern Michigan Eagles,Kent State Golden Flashes,2026-10-22
Little Rock Trojans,Eastern Kentucky Colonels,2026-10-22
The Citadel Bulldogs,Wofford Terriers,2026-10-22
Mercer Bears,Western Carolina Catamounts,2026-10-22
Kansas State Wildcats,Cincinnati Bearcats,2026-10-22
UCLA Bruins,Nebraska Cornhuskers,2026-10-22
USC Trojans,Iowa Hawkeyes,2026-10-22
Murray State Racers,Belmont Bruins,2026-10-22
Hofstra Pride,William & Mary Tribe,2026-10-22
North Alabama Lions,Abilene Christian Wildcats,2026-10-22
West Georgia Wolves,Tarleton State Texans,2026-10-22
Arkansas State Red Wolves,Southern Miss Golden Eagles,2026-10-22
Air Force Falcons,UTEP Miners,2026-10-22
South Alabama Jaguars,Troy Trojans,2026-10-22
McNeese Cowboys,Incarnate Word Cardinals,2026-10-22
Valparaiso VALPARAISO,UIC Flames,2026-10-22
North Dakota State Bison,Omaha Mavericks,2026-10-22
Nicholls Colonels,Houston Christian Huskies,2026-10-22
Texas A&M-Corpus Christi Islanders,LSU New Orleans Privateers,2026-10-22
UT Rio Grande Valley Vaqueros,SE Louisiana Lions,2026-10-22
Michigan Wolverines,Northwestern Wildcats,2026-10-22
Idaho Vandals,Utah Tech Trailblazers,2026-10-22
Northern Arizona Lumberjacks,Northern Colorado Bears,2026-10-22
Utah State Aggies,Boise State Broncos,2026-10-22
North Dakota Fighting Hawks,St. Thomas Tommies,2026-10-22
Montana State Bobcats,Weber State Wildcats,2026-10-22
Colorado Buffaloes,BYU Cougars,2026-10-22
Eastern Washington Eagles,Southern Utah Thunderbirds,2026-10-22
Arizona State Sun Devils,Utah Utes,2026-10-22
UConn Huskies,Creighton Bluejays,2026-10-22
San Diego Toreros,Pacific Tigers,2026-10-22
San Francisco Dons,Pepperdine Waves,2026-10-22
Santa Clara Broncos,Loyola Marymount Lions,2026-10-22
Montana Grizzlies,Idaho State Bengals,2026-10-22
Colorado State Rams,Washington State Cougars,2026-10-22
Oregon State Beavers,Fresno State Bulldogs,2026-10-22
Wyoming Cowboys,Grand Canyon Lopes,2026-10-22
UC Davis Aggies,Nevada Wolf Pack,2026-10-22
Texas State Bobcats,Gonzaga Bulldogs,2026-10-22
Denver Pioneers,Saint Mary's Gaels,2026-10-22
Utah Valley Wolverines,Sacramento State Hornets,2026-10-22
Cal Poly Mustangs,UC Santa Barbara Gauchos,2026-10-22
Canisius Golden Griffins,Marist Red Foxes,2026-10-22
Saint Peter's Peacocks,Merrimack Warriors,2026-10-22
Temple Owls,Charlotte 49ers,2026-10-23
Missouri State Bears,Delaware Blue Hens,2026-10-23
Hampton Pirates,Towson Tigers,2026-10-23
Morehead State Eagles,Tennessee State Tigers,2026-10-23
Hofstra Pride,William & Mary Tribe,2026-10-23
The Citadel Bulldogs,Wofford Terriers,2026-10-23
Manhattan Jaspers,Fairfield Stags,2026-10-23
Rider Broncs,Quinnipiac Bobcats,2026-10-23
Louisville Cardinals,Florida State Seminoles,2026-10-23
SMU Mustangs,Clemson Tigers,2026-10-23
Wake Forest Demon Deacons,NC State Wolfpack,2026-10-23
Notre Dame Fighting Irish,Miami Hurricanes,2026-10-23
West Florida Argonauts,North Florida Ospreys,2026-10-23
Queens University Royals,Jacksonville Dolphins,2026-10-23
Arizona Wildcats,West Virginia Mountaineers,2026-10-23
Wichita State Shockers,East Carolina Pirates,2026-10-23
Memphis Tigers,Florida Atlantic Owls,2026-10-23
VCU Rams,Duquesne Dukes,2026-10-23
Fordham Rams,George Washington Revolutionaries,2026-10-23
Virginia Cavaliers,Syracuse Orange,2026-10-23
Indiana State Sycamores,UIC Flames,2026-10-23
North Carolina A&T Aggies,Campbell Fighting Camels,2026-10-23
Elon Phoenix,UNC Wilmington Seahawks,2026-10-23
Gardner-Webb Runnin' Bulldogs,Charleston Southern Buccaneers,2026-10-23
Princeton Tigers,Pennsylvania Quakers,2026-10-23
UNC Asheville Bulldogs,High Point Panthers,2026-10-23
Army Black Knights,American University Eagles,2026-10-23
Holy Cross Crusaders,Navy Midshipmen,2026-10-23
Northern Illinois Huskies,Youngstown State Penguins,2026-10-23
Colgate Raiders,Loyola Maryland Greyhounds,2026-10-23
Robert Morris Colonials,Northern Kentucky Norse,2026-10-23
Long Island University Sharks,Fairleigh Dickinson Knights,2026-10-23
Niagara Purple Eagles,Siena Saints,2026-10-23
Akron Zips,Ball State Cardinals,2026-10-23
Central Michigan Chippewas,Bowling Green Falcons,2026-10-23
Buffalo Bulls,Western Michigan Broncos,2026-10-23
Eastern Michigan Eagles,Kent State Golden Flashes,2026-10-23
Ohio Bobcats,Toledo Rockets,2026-10-23
Howard Bison,Coppin State Eagles,2026-10-23
Delaware State Hornets,North Carolina Central Eagles,2026-10-23
Norfolk State Spartans,Morgan State Bears,2026-10-23
Maryland Eastern Shore Hawks,South Carolina State Bulldogs,2026-10-23
Central Arkansas Bears,Eastern Kentucky Colonels,2026-10-23
Louisiana Ragin' Cajuns,App State Mountaineers,2026-10-23
Georgia State Panthers,Coastal Carolina Chanticleers,2026-10-23
James Madison Dukes,Georgia Southern Eagles,2026-10-23
Stetson Hatters,Bellarmine Knights,2026-10-23
Stonehill Skyhawks,New Haven Chargers,2026-10-23
Central Connecticut Blue Devils,Mercyhurst Lakers,2026-10-23
Le Moyne Dolphins,Chicago State Cougars,2026-10-23
Marshall Thundering Herd,Old Dominion Monarchs,2026-10-23
Chattanooga Mocs,UNC Greensboro Spartans,2026-10-23
Furman Paladins,East Tennessee State Buccaneers,2026-10-23
Mercer Bears,Western Carolina Catamounts,2026-10-23
Alcorn State Braves,Bethune-Cookman Wildcats,2026-10-23
NJIT Highlanders,UAlbany Great Danes,2026-10-23
Winthrop Eagles,Presbyterian Blue Hose,2026-10-23
South Carolina Upstate Spartans,Radford Highlanders,2026-10-23
Stanford Cardinal,Duke Blue Devils,2026-10-23
Pittsburgh Panthers,Georgia Tech Yellow Jackets,2026-10-23
LSU Tigers,Florida Gators,2026-10-23
Oregon Ducks,Penn State Nittany Lions,2026-10-23
Minnesota Golden Gophers,Purdue Boilermakers,2026-10-23
Providence Friars,Creighton Bluejays,2026-10-23
California Golden Bears,North Carolina Tar Heels,2026-10-23
Texas A&M Aggies,Georgia Bulldogs,2026-10-23
Indiana Hoosiers,Ohio State Buckeyes,2026-10-23
Arkansas Razorbacks,Alabama Crimson Tide,2026-10-23
Missouri Tigers,South Carolina Gamecocks,2026-10-23
Oklahoma Sooners,Mississippi State Bulldogs,2026-10-23
Virginia Tech Hokies,Boston College Eagles,2026-10-23
Illinois Fighting Illini,Maryland Terrapins,2026-10-23
Michigan State Spartans,Rutgers Scarlet Knights,2026-10-23
Florida Gulf Coast Eagles,Lipscomb Bisons,2026-10-23
Rice Owls,North Texas Mean Green,2026-10-23
UAB Blazers,UTSA Roadrunners,2026-10-23
Rhode Island Rams,Davidson Wildcats,2026-10-23
Loyola Chicago Ramblers,Dayton Flyers,2026-10-23
George Mason Patriots,Saint Louis Billikens,2026-10-23
St. John's Red Storm,Villanova Wildcats,2026-10-23
Seton Hall Pirates,Georgetown Hoyas,2026-10-23
UCF Knights,Texas Tech Red Raiders,2026-10-23
Bradley Braves,Drake Bulldogs,2026-10-23
Evansville Purple Aces,Northern Iowa Panthers,2026-10-23
Illinois State Redbirds,Southern Illinois Salukis,2026-10-23
Florida International Panthers,Jacksonville State Gamecocks,2026-10-23
Kennesaw State Owls,Western Kentucky Hilltoppers,2026-10-23
Sam Houston Bearkats,Liberty Flames,2026-10-23
Louisiana Tech Bulldogs,UL Monroe Warhawks,2026-10-23
New Mexico State Aggies,Middle Tennessee Blue Raiders,2026-10-23
Purdue Fort Wayne Mastodons,Green Bay Phoenix,2026-10-23
IU Indianapolis Jaguars,Milwaukee Panthers,2026-10-23
Iona Gaels,Sacred Heart Pioneers,2026-10-23
Arkansas State Red Wolves,Southern Miss Golden Eagles,2026-10-23
SIU Edwardsville Cougars,Lindenwood Lions,2026-10-23
Southeast Missouri State Redhawks,UT Martin Skyhawks,2026-10-23
South Alabama Jaguars,Troy Trojans,2026-10-23
Texas Southern Tigers,Prairie View A&M Panthers,2026-10-23
Southern Jaguars,Florida A&M Rattlers,2026-10-23
Alabama A&M Bulldogs,Grambling Tigers,2026-10-23
Alabama State Hornets,Arkansas-Pine Bluff Golden Lions,2026-10-23
Lehigh Mountain Hawks,Lafayette Leopards,2026-10-23
Western Illinois Leathernecks,Southern Indiana Screaming Eagles,2026-10-23
Tulsa Golden Hurricane,Tulane Green Wave,2026-10-23
Tennessee Tech Golden Eagles,Samford Bulldogs,2026-10-23
Kansas Jayhawks,TCU Horned Frogs,2026-10-23
Houston Cougars,Baylor Bears,2026-10-23
South Dakota Coyotes,South Dakota State Jackrabbits,2026-10-23
Washington Huskies,Wisconsin Badgers,2026-10-23
Ole Miss Rebels,Auburn Tigers,2026-10-23
California Baptist Lancers,UC Riverside Highlanders,2026-10-23
UC Irvine Anteaters,UC San Diego Tritons,2026-10-23
San José State Spartans,New Mexico Lobos,2026-10-23
Cal State Bakersfield Roadrunners,Cal State Northridge Matadors,2026-10-23
Cal State Fullerton Titans,Long Beach State 49ers,2026-10-23
UNLV Rebels,Hawai'i Rainbow Warriors,2026-10-23
UNC Asheville Bulldogs,Radford Highlanders,2026-10-23
Saint Peter's Peacocks,Quinnipiac Bobcats,2026-10-23
Missouri State Bears,Delaware Blue Hens,2026-10-24
Colgate Raiders,Navy Midshipmen,2026-10-24
East Texas A&M Lions,Lamar Cardinals,2026-10-24
Bryant Bulldogs,UMBC Retrievers,2026-10-24
Rhode Island Rams,Davidson Wildcats,2026-10-24
Loyola Chicago Ramblers,Dayton Flyers,2026-10-24
Fordham Rams,George Washington Revolutionaries,2026-10-24
Kansas City Kangaroos,Oral Roberts Golden Eagles,2026-10-24
North Dakota State Bison,St. Thomas Tommies,2026-10-24
Long Island University Sharks,Fairleigh Dickinson Knights,2026-10-24
James Madison Dukes,Georgia Southern Eagles,2026-10-24
Stonehill Skyhawks,New Haven Chargers,2026-10-24
Central Connecticut Blue Devils,Mercyhurst Lakers,2026-10-24
Le Moyne Dolphins,Chicago State Cougars,2026-10-24
Northwestern State Demons,Stephen F. Austin Lumberjacks,2026-10-24
Texas A&M-Corpus Christi Islanders,SE Louisiana Lions,2026-10-24
VCU Rams,Duquesne Dukes,2026-10-24
George Mason Patriots,Saint Louis Billikens,2026-10-24
North Dakota Fighting Hawks,Omaha Mavericks,2026-10-24
Butler Bulldogs,Marquette Golden Eagles,2026-10-24
Elon Phoenix,UNC Wilmington Seahawks,2026-10-24
Texas State Bobcats,Washington State Cougars,2026-10-24
Stony Brook Seawolves,Northeastern Huskies,2026-10-24
Florida International Panthers,Jacksonville State Gamecocks,2026-10-24
Kennesaw State Owls,Western Kentucky Hilltoppers,2026-10-24
Sam Houston Bearkats,Liberty Flames,2026-10-24
Louisiana Tech Bulldogs,UL Monroe Warhawks,2026-10-24
Cleveland State Vikings,Oakland Golden Grizzlies,2026-10-24
Northern Illinois Huskies,Youngstown State Penguins,2026-10-24
Robert Morris Colonials,Wright State Raiders,2026-10-24
Canisius Golden Griffins,Siena Saints,2026-10-24
Iona Gaels,Fairfield Stags,2026-10-24
Rider Broncs,Merrimack Warriors,2026-10-24
West Georgia Wolves,Abilene Christian Wildcats,2026-10-24
Little Rock Trojans,Austin Peay Governors,2026-10-24
North Alabama Lions,UT Arlington Mavericks,2026-10-24
Louisiana Ragin' Cajuns,App State Mountaineers,2026-10-24
Georgia State Panthers,Coastal Carolina Chanticleers,2026-10-24
Air Force Falcons,UTEP Miners,2026-10-24
Nevada Wolf Pack,UC Davis Aggies,2026-10-24
Colorado State Rams,Boise State Broncos,2026-10-24
Marshall Thundering Herd,Old Dominion Monarchs,2026-10-24
McNeese Cowboys,Houston Christian Huskies,2026-10-24
UT Rio Grande Valley Vaqueros,LSU New Orleans Privateers,2026-10-24
Nicholls Colonels,Incarnate Word Cardinals,2026-10-24
Furman Paladins,East Tennessee State Buccaneers,2026-10-24
Stetson Hatters,Lipscomb Bisons,2026-10-24
Santa Clara Broncos,Pepperdine Waves,2026-10-24
Utah State Aggies,Oregon State Beavers,2026-10-24
Harvard Crimson,Dartmouth Big Green,2026-10-24
New Mexico State Aggies,Middle Tennessee Blue Raiders,2026-10-24
Purdue Fort Wayne Mastodons,Milwaukee Panthers,2026-10-24
Wyoming Cowboys,Grand Canyon Lopes,2026-10-24
San Diego State Aztecs,Gonzaga Bulldogs,2026-10-24
Southeast Missouri State Redhawks,UT Martin Skyhawks,2026-10-24
Chattanooga Mocs,UNC Greensboro Spartans,2026-10-24
Western Illinois Leathernecks,Southern Indiana Screaming Eagles,2026-10-24
San Francisco Dons,Loyola Marymount Lions,2026-10-24
Seattle U Redhawks,Portland Pilots,2026-10-24
Weber State Wildcats,Montana Grizzlies,2026-10-24
North Carolina A&T Aggies,Campbell Fighting Camels,2026-10-24
Winthrop Eagles,Charleston Southern Buccaneers,2026-10-24
Gardner-Webb Runnin' Bulldogs,Presbyterian Blue Hose,2026-10-24
Holy Cross Crusaders,American University Eagles,2026-10-24
Army Black Knights,Loyola Maryland Greyhounds,2026-10-24
Lehigh Mountain Hawks,Bucknell Bison,2026-10-24
Sacramento State Hornets,Utah Valley Wolverines,2026-10-24
Akron Zips,Miami (OH) RedHawks,2026-10-24
Central Michigan Chippewas,Bowling Green Falcons,2026-10-24
Buffalo Bulls,Western Michigan Broncos,2026-10-24
Florida Gulf Coast Eagles,Bellarmine Knights,2026-10-24
Denver Pioneers,Pacific Tigers,2026-10-24
San Diego Toreros,Saint Mary's Gaels,2026-10-24
Utah Tech Trailblazers,Eastern Washington Eagles,2026-10-24
Brown Bears,Yale Bulldogs,2026-10-24
Long Beach State 49ers,Cal State Fullerton Titans,2026-10-24
IU Indianapolis Jaguars,Green Bay Phoenix,2026-10-24
West Florida Argonauts,Jacksonville Dolphins,2026-10-24
Tennessee Tech Golden Eagles,Samford Bulldogs,2026-10-24
Queens University Royals,North Florida Ospreys,2026-10-24
Xavier Musketeers,DePaul Blue Demons,2026-10-24
Bradley Braves,Northern Iowa Panthers,2026-10-24
Evansville Purple Aces,Drake Bulldogs,2026-10-24
Indiana State Sycamores,Valparaiso VALPARAISO,2026-10-24
Murray State Racers,Southern Illinois Salukis,2026-10-24
Cornell Big Red,Columbia Lions,2026-10-24
Manhattan Jaspers,Sacred Heart Pioneers,2026-10-24
Niagara Purple Eagles,Marist Red Foxes,2026-10-24
Ohio Bobcats,Toledo Rockets,2026-10-24
South Carolina Upstate Spartans,High Point Panthers,2026-10-24
Oregon Ducks,Ohio State Buckeyes,2026-10-24
Illinois Fighting Illini,Rutgers Scarlet Knights,2026-10-24
UCLA Bruins,Iowa Hawkeyes,2026-10-24
Seton Hall Pirates,Villanova Wildcats,2026-10-24
St. John's Red Storm,Georgetown Hoyas,2026-10-24
Morehead State Eagles,Tennessee State Tigers,2026-10-24
Southern Utah Thunderbirds,Idaho Vandals,2026-10-24
UC San Diego Tritons,UC Irvine Anteaters,2026-10-24
Arizona State Sun Devils,BYU Cougars,2026-10-24
USC Trojans,Nebraska Cornhuskers,2026-10-24
Idaho State Bengals,Montana State Bobcats,2026-10-24
Cal State Northridge Matadors,Cal State Bakersfield Roadrunners,2026-10-24
UC Riverside Highlanders,California Baptist Lancers,2026-10-24
Northern Colorado Bears,Portland State Vikings,2026-10-24
UC Santa Barbara Gauchos,Cal Poly Mustangs,2026-10-24
UNLV Rebels,Hawai'i Rainbow Warriors,2026-10-24
Michigan State Spartans,Maryland Terrapins,2026-10-25
Arizona Wildcats,Cincinnati Bearcats,2026-10-25
UTSA Roadrunners,Temple Owls,2026-10-25
Southern Jaguars,Bethune-Cookman Wildcats,2026-10-25
Alcorn State Braves,Florida A&M Rattlers,2026-10-25
Pittsburgh Panthers,Clemson Tigers,2026-10-25
Texas A&M Aggies,Kentucky Wildcats,2026-10-25
Michigan Wolverines,Wisconsin Badgers,2026-10-25
Texas Longhorns,South Carolina Gamecocks,2026-10-25
Ole Miss Rebels,Florida Gators,2026-10-25
Northwestern Wildcats,Purdue Boilermakers,2026-10-25
Vanderbilt Commodores,Tennessee Volunteers,2026-10-25
Kansas Jayhawks,Baylor Bears,2026-10-25
Virginia Cavaliers,Boston College Eagles,2026-10-25
California Golden Bears,Duke Blue Devils,2026-10-25
New Hampshire Wildcats,Binghamton Bearcats,2026-10-25
NC State Wolfpack,Wake Forest Demon Deacons,2026-10-25
Notre Dame Fighting Irish,Florida State Seminoles,2026-10-25
Memphis Tigers,South Florida Bulls,2026-10-25
Wichita State Shockers,Charlotte 49ers,2026-10-25
Delaware State Hornets,South Carolina State Bulldogs,2026-10-25
Morgan State Bears,Howard Bison,2026-10-25
Maryland Eastern Shore Hawks,North Carolina Central Eagles,2026-10-25
Prairie View A&M Panthers,Texas Southern Tigers,2026-10-25
Alabama State Hornets,Grambling Tigers,2026-10-25
Alabama A&M Bulldogs,Arkansas-Pine Bluff Golden Lions,2026-10-25
Virginia Tech Hokies,Syracuse Orange,2026-10-25
SMU Mustangs,Georgia Tech Yellow Jackets,2026-10-25
Washington Huskies,Minnesota Golden Gophers,2026-10-25
Missouri Tigers,Georgia Bulldogs,2026-10-25
East Carolina Pirates,Tulane Green Wave,2026-10-25
UAB Blazers,North Texas Mean Green,2026-10-25
Tulsa Golden Hurricane,Rice Owls,2026-10-25
Iowa State Cyclones,Houston Cougars,2026-10-25
Texas Tech Red Raiders,Kansas State Wildcats,2026-10-25
Belmont Bruins,Illinois State Redbirds,2026-10-25
Stony Brook Seawolves,Northeastern Huskies,2026-10-25
Lafayette Leopards,Bucknell Bison,2026-10-25
Penn State Nittany Lions,Indiana Hoosiers,2026-10-25
Colorado Buffaloes,Utah Utes,2026-10-25
LSU Tigers,Auburn Tigers,2026-10-25
Arkansas Razorbacks,Mississippi State Bulldogs,2026-10-25
Oklahoma Sooners,Alabama Crimson Tide,2026-10-25
Louisville Cardinals,Miami Hurricanes,2026-10-25
UConn Huskies,Providence Friars,2026-10-25
Xavier Musketeers,Marquette Golden Eagles,2026-10-25
Butler Bulldogs,DePaul Blue Demons,2026-10-25
Stanford Cardinal,North Carolina Tar Heels,2026-10-25
San José State Spartans,New Mexico Lobos,2026-10-25
Davidson Wildcats,VCU Rams,2026-10-27
Dayton Flyers,Duquesne Dukes,2026-10-27
Loyola Chicago Ramblers,Saint Louis Billikens,2026-10-27
Manhattan Jaspers,Iona Gaels,2026-10-27
Evansville Purple Aces,Indiana State Sycamores,2026-10-27
Niagara Purple Eagles,Canisius Golden Griffins,2026-10-27
Sacred Heart Pioneers,Fairfield Stags,2026-10-27
Saint Peter's Peacocks,Rider Broncs,2026-10-27
Kent State Golden Flashes,Ohio Bobcats,2026-10-27
Tennessee Tech Golden Eagles,Chattanooga Mocs,2026-10-27
East Tennessee State Buccaneers,UNC Greensboro Spartans,2026-10-27
The Citadel Bulldogs,Furman Paladins,2026-10-27
Samford Bulldogs,Mercer Bears,2026-10-27
Wofford Terriers,Western Carolina Catamounts,2026-10-27
Louisiana Tech Bulldogs,Arkansas-Pine Bluff Golden Lions,2026-10-27
Wright State Raiders,Purdue Fort Wayne Mastodons,2026-10-27
Quinnipiac Bobcats,Merrimack Warriors,2026-10-27
Central Arkansas Bears,Little Rock Trojans,2026-10-27
Siena Saints,Marist Red Foxes,2026-10-27
Idaho State Bengals,Weber State Wildcats,2026-10-27
Rhode Island Rams,Fordham Rams,2026-10-28
Coppin State Eagles,UMBC Retrievers,2026-10-28
Binghamton Bearcats,Colgate Raiders,2026-10-28
George Mason Patriots,George Washington Revolutionaries,2026-10-28
Georgia Bulldogs,Texas Longhorns,2026-10-28
Tulane Green Wave,Rice Owls,2026-10-28
Southern Jaguars,Alcorn State Braves,2026-10-28
Stanford Cardinal,California Golden Bears,2026-10-28
Eastern Illinois Panthers,Morehead State Eagles,2026-10-29
Towson Tigers,North Carolina A&T Aggies,2026-10-29
Howard Bison,Delaware State Hornets,2026-10-29
Austin Peay Governors,West Georgia Wolves,2026-10-29
UT Arlington Mavericks,Eastern Kentucky Colonels,2026-10-29
App State Mountaineers,Georgia State Panthers,2026-10-29
Ohio State Buckeyes,Penn State Nittany Lions,2026-10-29
Rutgers Scarlet Knights,Purdue Boilermakers,2026-10-29
Creighton Bluejays,Marquette Golden Eagles,2026-10-29
Northern Kentucky Norse,IU Indianapolis Jaguars,2026-10-29
Abilene Christian Wildcats,Central Arkansas Bears,2026-10-29
Tarleton State Texans,North Alabama Lions,2026-10-29
Tennessee State Tigers,Southeast Missouri State Redhawks,2026-10-29
UL Monroe Warhawks,South Alabama Jaguars,2026-10-29
Lamar Cardinals,Stephen F. Austin Lumberjacks,2026-10-29
SE Louisiana Lions,McNeese Cowboys,2026-10-29
UT Martin Skyhawks,Southern Indiana Screaming Eagles,2026-10-29
Incarnate Word Cardinals,East Texas A&M Lions,2026-10-29
Houston Christian Huskies,Northwestern State Demons,2026-10-29
LSU New Orleans Privateers,Nicholls Colonels,2026-10-29
UT Rio Grande Valley Vaqueros,Texas A&M-Corpus Christi Islanders,2026-10-29
Santa Clara Broncos,Denver Pioneers,2026-10-29
Kansas City Kangaroos,North Dakota State Bison,2026-10-29
Omaha Mavericks,South Dakota Coyotes,2026-10-29
St. Thomas Tommies,South Dakota State Jackrabbits,2026-10-29
Montana Grizzlies,Utah Tech Trailblazers,2026-10-29
Weber State Wildcats,Northern Colorado Bears,2026-10-29
Oral Roberts Golden Eagles,North Dakota Fighting Hawks,2026-10-29
Idaho Vandals,Northern Arizona Lumberjacks,2026-10-29
Grand Canyon Lopes,New Mexico Lobos,2026-10-29
Montana State Bobcats,Southern Utah Thunderbirds,2026-10-29
Cincinnati Bearcats,Colorado Buffaloes,2026-10-29
Northwestern Wildcats,Illinois Fighting Illini,2026-10-29
Loyola Marymount Lions,Portland Pilots,2026-10-29
Pepperdine Waves,Seattle U Redhawks,2026-10-29
Washington State Cougars,Utah State Aggies,2026-10-29
Gonzaga Bulldogs,Oregon State Beavers,2026-10-29
Air Force Falcons,UNLV Rebels,2026-10-29
Wyoming Cowboys,Nevada Wolf Pack,2026-10-29
UTEP Miners,San José State Spartans,2026-10-29
Boise State Broncos,San Diego State Aztecs,2026-10-29
Colorado State Rams,Fresno State Bulldogs,2026-10-29
San Francisco Dons,San Diego Toreros,2026-10-29
Eastern Washington Eagles,Portland State Vikings,2026-10-29
Temple Owls,East Carolina Pirates,2026-10-30
Eastern Illinois Panthers,Morehead State Eagles,2026-10-30
Bryant Bulldogs,NJIT Highlanders,2026-10-30
Houston Cougars,Arizona Wildcats,2026-10-30
Tennessee State Tigers,Southeast Missouri State Redhawks,2026-10-30
Towson Tigers,North Carolina A&T Aggies,2026-10-30
Georgetown Hoyas,Providence Friars,2026-10-30
Princeton Tigers,Cornell Big Red,2026-10-30
Siena Saints,Iona Gaels,2026-10-30
UNC Wilmington Seahawks,Stony Brook Seawolves,2026-10-30
Indiana Hoosiers,Michigan State Spartans,2026-10-30
North Florida Ospreys,Florida Gulf Coast Eagles,2026-10-30
Queens University Royals,Bellarmine Knights,2026-10-30
Dayton Flyers,George Mason Patriots,2026-10-30
Saint Louis Billikens,VCU Rams,2026-10-30
Villanova Wildcats,UConn Huskies,2026-10-30
Seton Hall Pirates,Xavier Musketeers,2026-10-30
Northern Iowa Panthers,Indiana State Sycamores,2026-10-30
Campbell Fighting Camels,Elon Phoenix,2026-10-30
William & Mary Tribe,Charleston Cougars,2026-10-30
Northeastern Huskies,Hampton Pirates,2026-10-30
Brown Bears,Harvard Crimson,2026-10-30
Pennsylvania Quakers,Columbia Lions,2026-10-30
Yale Bulldogs,Dartmouth Big Green,2026-10-30
Charleston Southern Buccaneers,Radford Highlanders,2026-10-30
Gardner-Webb Runnin' Bulldogs,UNC Asheville Bulldogs,2026-10-30
Loyola Maryland Greyhounds,Bucknell Bison,2026-10-30
Western Kentucky Hilltoppers,Florida International Panthers,2026-10-30
Green Bay Phoenix,Cleveland State Vikings,2026-10-30
Milwaukee Panthers,Oakland Golden Grizzlies,2026-10-30
Chicago State Cougars,Fairleigh Dickinson Knights,2026-10-30
Youngstown State Penguins,Wright State Raiders,2026-10-30
Saint Peter's Peacocks,Canisius Golden Griffins,2026-10-30
Fairfield Stags,Merrimack Warriors,2026-10-30
Marist Red Foxes,Manhattan Jaspers,2026-10-30
Rider Broncs,Niagara Purple Eagles,2026-10-30
Akron Zips,Eastern Michigan Eagles,2026-10-30
Bowling Green Falcons,Ball State Cardinals,2026-10-30
Western Michigan Broncos,Ohio Bobcats,2026-10-30
South Carolina State Bulldogs,Coppin State Eagles,2026-10-30
Norfolk State Spartans,Maryland Eastern Shore Hawks,2026-10-30
North Carolina Central Eagles,Morgan State Bears,2026-10-30
App State Mountaineers,Georgia State Panthers,2026-10-30
Coastal Carolina Chanticleers,James Madison Dukes,2026-10-30
Georgia Southern Eagles,Marshall Thundering Herd,2026-10-30
Jacksonville Dolphins,Stetson Hatters,2026-10-30
Mercyhurst Lakers,New Haven Chargers,2026-10-30
Stonehill Skyhawks,Le Moyne Dolphins,2026-10-30
UNC Greensboro Spartans,Furman Paladins,2026-10-30
Mercer Bears,Wofford Terriers,2026-10-30
Florida A&M Rattlers,Alabama State Hornets,2026-10-30
Western Carolina Catamounts,The Citadel Bulldogs,2026-10-30
Central Connecticut Blue Devils,Long Island University Sharks,2026-10-30
Florida State Seminoles,Virginia Tech Hokies,2026-10-30
Presbyterian Blue Hose,High Point Panthers,2026-10-30
Winthrop Eagles,South Carolina Upstate Spartans,2026-10-30
Nebraska Cornhuskers,Michigan Wolverines,2026-10-30
Pittsburgh Panthers,Wake Forest Demon Deacons,2026-10-30
Boston College Eagles,Duke Blue Devils,2026-10-30
Buffalo Bulls,Central Michigan Chippewas,2026-10-30
Toledo Rockets,Miami (OH) RedHawks,2026-10-30
Missouri Tigers,Kentucky Wildcats,2026-10-30
Clemson Tigers,Louisville Cardinals,2026-10-30
SMU Mustangs,NC State Wolfpack,2026-10-30
Florida Gators,Auburn Tigers,2026-10-30
Syracuse Orange,North Carolina Tar Heels,2026-10-30
Kansas State Wildcats,Kansas Jayhawks,2026-10-30
Oklahoma Sooners,Arkansas Razorbacks,2026-10-30
Mississippi State Bulldogs,Ole Miss Rebels,2026-10-30
Vanderbilt Commodores,South Carolina Gamecocks,2026-10-30
Georgia Tech Yellow Jackets,Notre Dame Fighting Irish,2026-10-30
West Florida Argonauts,Lipscomb Bisons,2026-10-30
North Texas Mean Green,Wichita State Shockers,2026-10-30
Florida Atlantic Owls,Tulsa Golden Hurricane,2026-10-30
Fordham Rams,Loyola Chicago Ramblers,2026-10-30
Miami Hurricanes,Virginia Cavaliers,2026-10-30
St. John's Red Storm,Butler Bulldogs,2026-10-30
Drake Bulldogs,Belmont Bruins,2026-10-30
Southern Illinois Salukis,Bradley Braves,2026-10-30
Valparaiso VALPARAISO,Illinois State Redbirds,2026-10-30
American University Eagles,Lehigh Mountain Hawks,2026-10-30
Holy Cross Crusaders,Army Black Knights,2026-10-30
Jacksonville State Gamecocks,Sam Houston Bearkats,2026-10-30
Liberty Flames,Kennesaw State Owls,2026-10-30
Old Dominion Monarchs,Louisiana Tech Bulldogs,2026-10-30
Middle Tennessee Blue Raiders,Missouri State Bears,2026-10-30
Robert Morris Colonials,Northern Illinois Huskies,2026-10-30
Navy Midshipmen,Lafayette Leopards,2026-10-30
Sacred Heart Pioneers,Quinnipiac Bobcats,2026-10-30
Troy Trojans,Arkansas State Red Wolves,2026-10-30
Southern Miss Golden Eagles,Louisiana Ragin' Cajuns,2026-10-30
SIU Edwardsville Cougars,Western Illinois Leathernecks,2026-10-30
UL Monroe Warhawks,South Alabama Jaguars,2026-10-30
East Tennessee State Buccaneers,Tennessee Tech Golden Eagles,2026-10-30
Texas Southern Tigers,Southern Jaguars,2026-10-30
Prairie View A&M Panthers,Alcorn State Braves,2026-10-30
Arkansas-Pine Bluff Golden Lions,Mississippi Valley State Delta Devils,2026-10-30
Grambling Tigers,Jackson State Tigers,2026-10-30
Bethune-Cookman Wildcats,Alabama A&M Bulldogs,2026-10-30
UT Martin Skyhawks,Southern Indiana Screaming Eagles,2026-10-30
UIC Flames,Murray State Racers,2026-10-30
Tennessee Volunteers,Texas A&M Aggies,2026-10-30
UTSA Roadrunners,Memphis Tigers,2026-10-30
West Virginia Mountaineers,Iowa State Cyclones,2026-10-30
Chattanooga Mocs,Samford Bulldogs,2026-10-30
Charlotte 49ers,UAB Blazers,2026-10-30
TCU Horned Frogs,Baylor Bears,2026-10-30
Creighton Bluejays,DePaul Blue Demons,2026-10-30
Utah Utes,BYU Cougars,2026-10-30
South Florida Bulls,Rice Owls,2026-10-30
Delaware Blue Hens,New Mexico State Aggies,2026-10-30
UCF Knights,Arizona State Sun Devils,2026-10-30
Montana State Bobcats,Utah Tech Trailblazers,2026-10-30
Cal Poly Mustangs,UC Irvine Anteaters,2026-10-30
Cal State Northridge Matadors,Cal State Fullerton Titans,2026-10-30
Utah Valley Wolverines,California Baptist Lancers,2026-10-30
Sacramento State Hornets,UC Riverside Highlanders,2026-10-30
UC Santa Barbara Gauchos,UC San Diego Tritons,2026-10-30
Hawai'i Rainbow Warriors,UC Davis Aggies,2026-10-30
UTEP Miners,San José State Spartans,2026-10-30
California Golden Bears,Stanford Cardinal,2026-10-30
Wisconsin Badgers,USC Trojans,2026-10-30
Minnesota Golden Gophers,UCLA Bruins,2026-10-30
Maryland Terrapins,Oregon Ducks,2026-10-30
Iowa Hawkeyes,Washington Huskies,2026-10-30
Cal State Bakersfield Roadrunners,Long Beach State 49ers,2026-10-30
Purdue Boilermakers,Penn State Nittany Lions,2026-10-30
Presbyterian Blue Hose,Radford Highlanders,2026-10-30
Dayton Flyers,George Mason Patriots,2026-10-31
Oral Roberts Golden Eagles,North Dakota State Bison,2026-10-31
Western Kentucky Hilltoppers,Florida International Panthers,2026-10-31
UT Arlington Mavericks,Austin Peay Governors,2026-10-31
Houston Christian Huskies,East Texas A&M Lions,2026-10-31
LSU New Orleans Privateers,McNeese Cowboys,2026-10-31
UNC Wilmington Seahawks,Stony Brook Seawolves,2026-10-31
Old Dominion Monarchs,Louisiana Tech Bulldogs,2026-10-31
Green Bay Phoenix,Cleveland State Vikings,2026-10-31
Chicago State Cougars,Fairleigh Dickinson Knights,2026-10-31
Tarleton State Texans,West Georgia Wolves,2026-10-31
Coastal Carolina Chanticleers,James Madison Dukes,2026-10-31
Mercyhurst Lakers,New Haven Chargers,2026-10-31
Boise State Broncos,Texas State Bobcats,2026-10-31
Stonehill Skyhawks,Le Moyne Dolphins,2026-10-31
Texas A&M-Corpus Christi Islanders,UT Rio Grande Valley Vaqueros,2026-10-31
Central Connecticut Blue Devils,Long Island University Sharks,2026-10-31
Duquesne Dukes,Davidson Wildcats,2026-10-31
Fordham Rams,Loyola Chicago Ramblers,2026-10-31
Saint Louis Billikens,VCU Rams,2026-10-31
San Francisco Dons,Denver Pioneers,2026-10-31
UIC Flames,Belmont Bruins,2026-10-31
Kansas City Kangaroos,North Dakota Fighting Hawks,2026-10-31
Idaho State Bengals,Northern Colorado Bears,2026-10-31
William & Mary Tribe,Charleston Cougars,2026-10-31
Northeastern Huskies,Hampton Pirates,2026-10-31
Charleston Southern Buccaneers,High Point Panthers,2026-10-31
Jacksonville State Gamecocks,Sam Houston Bearkats,2026-10-31
Liberty Flames,Kennesaw State Owls,2026-10-31
Middle Tennessee Blue Raiders,Missouri State Bears,2026-10-31
Delaware Blue Hens,New Mexico State Aggies,2026-10-31
Milwaukee Panthers,Oakland Golden Grizzlies,2026-10-31
Rider Broncs,Canisius Golden Griffins,2026-10-31
Marist Red Foxes,Iona Gaels,2026-10-31
Siena Saints,Manhattan Jaspers,2026-10-31
Sacred Heart Pioneers,Merrimack Warriors,2026-10-31
Saint Peter's Peacocks,Niagara Purple Eagles,2026-10-31
Abilene Christian Wildcats,Little Rock Trojans,2026-10-31
Eastern Kentucky Colonels,North Alabama Lions,2026-10-31
Troy Trojans,Arkansas State Red Wolves,2026-10-31
Georgia Southern Eagles,Marshall Thundering Herd,2026-10-31
SE Louisiana Lions,Nicholls Colonels,2026-10-31
Incarnate Word Cardinals,Northwestern State Demons,2026-10-31
Stephen F. Austin Lumberjacks,Lamar Cardinals,2026-10-31
Western Carolina Catamounts,The Citadel Bulldogs,2026-10-31
Queens University Royals,Lipscomb Bisons,2026-10-31
Santa Clara Broncos,San Diego Toreros,2026-10-31
Villanova Wildcats,Providence Friars,2026-10-31
St. Thomas Tommies,South Dakota Coyotes,2026-10-31
Montana Grizzlies,Southern Utah Thunderbirds,2026-10-31
Campbell Fighting Camels,Elon Phoenix,2026-10-31
Washington State Cougars,San Diego State Aztecs,2026-10-31
Robert Morris Colonials,Northern Illinois Huskies,2026-10-31
Air Force Falcons,UNLV Rebels,2026-10-31
Grand Canyon Lopes,New Mexico Lobos,2026-10-31
Southern Miss Golden Eagles,Louisiana Ragin' Cajuns,2026-10-31
SIU Edwardsville Cougars,Western Illinois Leathernecks,2026-10-31
East Tennessee State Buccaneers,Tennessee Tech Golden Eagles,2026-10-31
Loyola Marymount Lions,Seattle U Redhawks,2026-10-31
Georgetown Hoyas,UConn Huskies,2026-10-31
St. John's Red Storm,Xavier Musketeers,2026-10-31
Pepperdine Waves,Portland Pilots,2026-10-31
Eastern Washington Eagles,Northern Arizona Lumberjacks,2026-10-31
Colorado State Rams,Oregon State Beavers,2026-10-31
Winthrop Eagles,UNC Asheville Bulldogs,2026-10-31
Holy Cross Crusaders,Colgate Raiders,2026-10-31
IU Indianapolis Jaguars,Purdue Fort Wayne Mastodons,2026-10-31
Loyola Maryland Greyhounds,Lehigh Mountain Hawks,2026-10-31
Youngstown State Penguins,Northern Kentucky Norse,2026-10-31
Akron Zips,Eastern Michigan Eagles,2026-10-31
Bowling Green Falcons,Ball State Cardinals,2026-10-31
Western Michigan Broncos,Kent State Golden Flashes,2026-10-31
Toledo Rockets,Miami (OH) RedHawks,2026-10-31
West Florida Argonauts,Bellarmine Knights,2026-10-31
Wyoming Cowboys,Nevada Wolf Pack,2026-10-31
Gonzaga Bulldogs,Fresno State Bulldogs,2026-10-31
Mercer Bears,Wofford Terriers,2026-10-31
Utah Valley Wolverines,UC Riverside Highlanders,2026-10-31
Nebraska Cornhuskers,Michigan State Spartans,2026-10-31
Pacific Tigers,Saint Mary's Gaels,2026-10-31
Northern Iowa Panthers,Evansville Purple Aces,2026-10-31
Brown Bears,Dartmouth Big Green,2026-10-31
Princeton Tigers,Columbia Lions,2026-10-31
Pennsylvania Quakers,Cornell Big Red,2026-10-31
Yale Bulldogs,Harvard Crimson,2026-10-31
Navy Midshipmen,Bucknell Bison,2026-10-31
Gardner-Webb Runnin' Bulldogs,South Carolina Upstate Spartans,2026-10-31
Buffalo Bulls,Central Michigan Chippewas,2026-10-31
Valparaiso VALPARAISO,Bradley Braves,2026-10-31
Drake Bulldogs,Murray State Racers,2026-10-31
American University Eagles,Lafayette Leopards,2026-10-31
Fairfield Stags,Quinnipiac Bobcats,2026-10-31
Indiana Hoosiers,Michigan Wolverines,2026-10-31
George Washington Revolutionaries,Rhode Island Rams,2026-10-31
Seton Hall Pirates,Butler Bulldogs,2026-10-31
UNC Greensboro Spartans,Furman Paladins,2026-10-31
Chattanooga Mocs,Samford Bulldogs,2026-10-31
Southern Illinois Salukis,Illinois State Redbirds,2026-10-31
Omaha Mavericks,South Dakota State Jackrabbits,2026-10-31
Cal Poly Mustangs,UC San Diego Tritons,2026-10-31
UC Santa Barbara Gauchos,UC Irvine Anteaters,2026-10-31
Rutgers Scarlet Knights,Northwestern Wildcats,2026-10-31
Cal State Bakersfield Roadrunners,Cal State Fullerton Titans,2026-10-31
Cal State Northridge Matadors,Long Beach State 49ers,2026-10-31
Sacramento State Hornets,California Baptist Lancers,2026-10-31
Hawai'i Rainbow Warriors,UC Davis Aggies,2026-10-31
UTEP Miners,San José State Spartans,2026-10-31
Idaho Vandals,Portland State Vikings,2026-10-31
Georgia Tech Yellow Jackets,Louisville Cardinals,2026-11-01
Tulane Green Wave,Temple Owls,2026-11-01
Pittsburgh Panthers,NC State Wolfpack,2026-11-01
SMU Mustangs,Wake Forest Demon Deacons,2026-11-01
Texas A&M Aggies,Texas Longhorns,2026-11-01
Arkansas Razorbacks,Florida Gators,2026-11-01
Syracuse Orange,Duke Blue Devils,2026-11-01
Binghamton Bearcats,Bryant Bulldogs,2026-11-01
Ohio State Buckeyes,Illinois Fighting Illini,2026-11-01
Clemson Tigers,Notre Dame Fighting Irish,2026-11-01
New Hampshire Wildcats,NJIT Highlanders,2026-11-01
UAlbany Great Danes,UMBC Retrievers,2026-11-01
Jacksonville Dolphins,Florida Gulf Coast Eagles,2026-11-01
North Florida Ospreys,Stetson Hatters,2026-11-01
West Virginia Mountaineers,Cincinnati Bearcats,2026-11-01
South Florida Bulls,East Carolina Pirates,2026-11-01
Florida Atlantic Owls,Wichita State Shockers,2026-11-01
Duquesne Dukes,Davidson Wildcats,2026-11-01
George Washington Revolutionaries,Rhode Island Rams,2026-11-01
North Carolina Central Eagles,Coppin State Eagles,2026-11-01
Delaware State Hornets,Norfolk State Spartans,2026-11-01
Maryland Eastern Shore Hawks,Howard Bison,2026-11-01
South Carolina State Bulldogs,Morgan State Bears,2026-11-01
Texas Southern Tigers,Alcorn State Braves,2026-11-01
Prairie View A&M Panthers,Southern Jaguars,2026-11-01
Grambling Tigers,Mississippi Valley State Delta Devils,2026-11-01
Arkansas-Pine Bluff Golden Lions,Jackson State Tigers,2026-11-01
Florida A&M Rattlers,Alabama A&M Bulldogs,2026-11-01
Bethune-Cookman Wildcats,Alabama State Hornets,2026-11-01
Boston College Eagles,North Carolina Tar Heels,2026-11-01
Vanderbilt Commodores,Georgia Bulldogs,2026-11-01
Charlotte 49ers,Memphis Tigers,2026-11-01
North Texas Mean Green,Tulsa Golden Hurricane,2026-11-01
UTSA Roadrunners,UAB Blazers,2026-11-01
DePaul Blue Demons,Marquette Golden Eagles,2026-11-01
Miami Hurricanes,Virginia Tech Hokies,2026-11-01
Houston Cougars,Arizona State Sun Devils,2026-11-01
Kansas State Wildcats,TCU Horned Frogs,2026-11-01
Tennessee Volunteers,Missouri Tigers,2026-11-01
Kansas Jayhawks,Iowa State Cyclones,2026-11-01
Texas Tech Red Raiders,Colorado Buffaloes,2026-11-01
Oklahoma Sooners,Auburn Tigers,2026-11-01
LSU Tigers,Ole Miss Rebels,2026-11-01
Mississippi State Bulldogs,Alabama Crimson Tide,2026-11-01
UCF Knights,Arizona Wildcats,2026-11-01
Florida State Seminoles,Virginia Cavaliers,2026-11-01
Iowa Hawkeyes,Oregon Ducks,2026-11-01
Army Black Knights,Colgate Raiders,2026-11-01
Minnesota Golden Gophers,USC Trojans,2026-11-01
Maryland Terrapins,Washington Huskies,2026-11-01
Wisconsin Badgers,UCLA Bruins,2026-11-01
Toledo Rockets,Bowling Green Falcons,2026-11-03
Ohio Bobcats,Kent State Golden Flashes,2026-11-03
Western Michigan Broncos,Eastern Michigan Eagles,2026-11-03
Illinois State Redbirds,Bradley Braves,2026-11-03
Purdue Fort Wayne Mastodons,IU Indianapolis Jaguars,2026-11-03
Eastern Kentucky Colonels,Austin Peay Governors,2026-11-03
LSU New Orleans Privateers,SE Louisiana Lions,2026-11-03
Boston College Eagles,Syracuse Orange,2026-11-04
Butler Bulldogs,Xavier Musketeers,2026-11-04
American University Eagles,Loyola Maryland Greyhounds,2026-11-04
South Florida Bulls,Florida Atlantic Owls,2026-11-04
Purdue Boilermakers,Ohio State Buckeyes,2026-11-04
Arkansas Razorbacks,LSU Tigers,2026-11-04
Mississippi Valley State Delta Devils,Jackson State Tigers,2026-11-04
Arkansas-Pine Bluff Golden Lions,Grambling Tigers,2026-11-04
Incarnate Word Cardinals,Houston Christian Huskies,2026-11-04
Oregon State Beavers,Boise State Broncos,2026-11-04
Texas State Bobcats,Utah State Aggies,2026-11-04
Iowa State Cyclones,UCF Knights,2026-11-05
West Georgia Wolves,Eastern Kentucky Colonels,2026-11-05
Marshall Thundering Herd,App State Mountaineers,2026-11-05
Troy Trojans,Coastal Carolina Chanticleers,2026-11-05
Georgia State Panthers,Georgia Southern Eagles,2026-11-05
Mercer Bears,Chattanooga Mocs,2026-11-05
The Citadel Bulldogs,East Tennessee State Buccaneers,2026-11-05
Coppin State Eagles,Maryland Eastern Shore Hawks,2026-11-05
Duke Blue Devils,Pittsburgh Panthers,2026-11-05
USC Trojans,Maryland Terrapins,2026-11-05
Baylor Bears,Kansas Jayhawks,2026-11-05
Michigan Wolverines,Rutgers Scarlet Knights,2026-11-05
Kennesaw State Owls,Jacksonville State Gamecocks,2026-11-05
Sam Houston Bearkats,Middle Tennessee Blue Raiders,2026-11-05
Tarleton State Texans,Abilene Christian Wildcats,2026-11-05
UT Arlington Mavericks,Central Arkansas Bears,2026-11-05
North Alabama Lions,Little Rock Trojans,2026-11-05
Lindenwood Lions,UT Martin Skyhawks,2026-11-05
Nicholls Colonels,Lamar Cardinals,2026-11-05
McNeese Cowboys,Stephen F. Austin Lumberjacks,2026-11-05
Western Illinois Leathernecks,Eastern Illinois Panthers,2026-11-05
East Texas A&M Lions,UT Rio Grande Valley Vaqueros,2026-11-05
SE Louisiana Lions,LSU New Orleans Privateers,2026-11-05
Northwestern State Demons,Texas A&M-Corpus Christi Islanders,2026-11-05
Michigan State Spartans,Wisconsin Badgers,2026-11-05
UCLA Bruins,Illinois Fighting Illini,2026-11-05
South Dakota Coyotes,Kansas City Kangaroos,2026-11-05
South Dakota State Jackrabbits,Oral Roberts Golden Eagles,2026-11-05
New Mexico Lobos,Air Force Falcons,2026-11-05
Gonzaga Bulldogs,Colorado State Rams,2026-11-05
Southern Utah Thunderbirds,Weber State Wildcats,2026-11-05
UNLV Rebels,Wyoming Cowboys,2026-11-05
BYU Cougars,Colorado Buffaloes,2026-11-05
Loyola Marymount Lions,Pacific Tigers,2026-11-05
Utah Tech Trailblazers,Idaho State Bengals,2026-11-05
Northern Arizona Lumberjacks,Montana Grizzlies,2026-11-05
Portland State Vikings,Montana State Bobcats,2026-11-05
California Baptist Lancers,Cal State Northridge Matadors,2026-11-05
San José State Spartans,Grand Canyon Lopes,2026-11-05
Fresno State Bulldogs,San Diego State Aztecs,2026-11-05
UC San Diego Tritons,Utah Valley Wolverines,2026-11-05
Pepperdine Waves,Saint Mary's Gaels,2026-11-05
Portland Pilots,San Francisco Dons,2026-11-05
Seattle U Redhawks,Santa Clara Broncos,2026-11-05
Northern Colorado Bears,Idaho Vandals,2026-11-05
UC Irvine Anteaters,Sacramento State Hornets,2026-11-05
Nevada Wolf Pack,Hawai'i Rainbow Warriors,2026-11-05
Texas Longhorns,Missouri Tigers,2026-11-05
Manhattan Jaspers,Quinnipiac Bobcats,2026-11-05
The Citadel Bulldogs,East Tennessee State Buccaneers,2026-11-06
East Carolina Pirates,Temple Owls,2026-11-06
North Carolina Tar Heels,SMU Mustangs,2026-11-06
UMBC Retrievers,New Hampshire Wildcats,2026-11-06
Sam Houston Bearkats,Middle Tennessee Blue Raiders,2026-11-06
Utah Utes,Arizona Wildcats,2026-11-06
Oklahoma Sooners,Ole Miss Rebels,2026-11-06
Oakland Golden Grizzlies,Youngstown State Penguins,2026-11-06
UConn Huskies,Seton Hall Pirates,2026-11-06
Marquette Golden Eagles,Villanova Wildcats,2026-11-06
Hofstra Pride,Towson Tigers,2026-11-06
Cleveland State Vikings,Robert Morris Colonials,2026-11-06
Western Illinois Leathernecks,Eastern Illinois Panthers,2026-11-06
Binghamton Bearcats,UAlbany Great Danes,2026-11-06
Wake Forest Demon Deacons,Clemson Tigers,2026-11-06
Notre Dame Fighting Irish,Virginia Tech Hokies,2026-11-06
Florida Gulf Coast Eagles,West Florida Argonauts,2026-11-06
Lipscomb Bisons,Jacksonville Dolphins,2026-11-06
Bellarmine Knights,North Florida Ospreys,2026-11-06
Tulsa Golden Hurricane,Charlotte 49ers,2026-11-06
George Washington Revolutionaries,Duquesne Dukes,2026-11-06
VCU Rams,Fordham Rams,2026-11-06
California Golden Bears,Florida State Seminoles,2026-11-06
Valparaiso VALPARAISO,Indiana State Sycamores,2026-11-06
DePaul Blue Demons,Georgetown Hoyas,2026-11-06
Stony Brook Seawolves,Campbell Fighting Camels,2026-11-06
Elon Phoenix,North Carolina A&T Aggies,2026-11-06
Charleston Cougars,UNC Wilmington Seahawks,2026-11-06
Hampton Pirates,William & Mary Tribe,2026-11-06
Brown Bears,Columbia Lions,2026-11-06
Yale Bulldogs,Cornell Big Red,2026-11-06
Dartmouth Big Green,Princeton Tigers,2026-11-06
Harvard Crimson,Pennsylvania Quakers,2026-11-06
UNC Asheville Bulldogs,Charleston Southern Buccaneers,2026-11-06
Radford Highlanders,Gardner-Webb Runnin' Bulldogs,2026-11-06
American University Eagles,Navy Midshipmen,2026-11-06
Bucknell Bison,Army Black Knights,2026-11-06
Florida International Panthers,Delaware Blue Hens,2026-11-06
Kennesaw State Owls,Jacksonville State Gamecocks,2026-11-06
Lafayette Leopards,Holy Cross Crusaders,2026-11-06
Northern Illinois Huskies,IU Indianapolis Jaguars,2026-11-06
New Haven Chargers,Fairleigh Dickinson Knights,2026-11-06
Siena Saints,Canisius Golden Griffins,2026-11-06
Fairfield Stags,Rider Broncs,2026-11-06
Iona Gaels,Merrimack Warriors,2026-11-06
Marist Red Foxes,Niagara Purple Eagles,2026-11-06
Central Michigan Chippewas,Akron Zips,2026-11-06
Ball State Cardinals,Buffalo Bulls,2026-11-06
Eastern Michigan Eagles,Toledo Rockets,2026-11-06
Morgan State Bears,Delaware State Hornets,2026-11-06
Howard Bison,North Carolina Central Eagles,2026-11-06
Norfolk State Spartans,South Carolina State Bulldogs,2026-11-06
Marshall Thundering Herd,App State Mountaineers,2026-11-06
Troy Trojans,Coastal Carolina Chanticleers,2026-11-06
Georgia State Panthers,Georgia Southern Eagles,2026-11-06
Old Dominion Monarchs,James Madison Dukes,2026-11-06
Mercyhurst Lakers,Chicago State Cougars,2026-11-06
Le Moyne Dolphins,Central Connecticut Blue Devils,2026-11-06
Lindenwood Lions,UT Martin Skyhawks,2026-11-06
Mercer Bears,Chattanooga Mocs,2026-11-06
Furman Paladins,Wofford Terriers,2026-11-06
Samford Bulldogs,UNC Greensboro Spartans,2026-11-06
Long Island University Sharks,Stonehill Skyhawks,2026-11-06
Sacred Heart Pioneers,Saint Peter's Peacocks,2026-11-06
UAB Blazers,Florida Atlantic Owls,2026-11-06
South Carolina Upstate Spartans,Presbyterian Blue Hose,2026-11-06
High Point Panthers,Winthrop Eagles,2026-11-06
Mississippi State Bulldogs,Tennessee Volunteers,2026-11-06
Duke Blue Devils,Pittsburgh Panthers,2026-11-06
Stanford Cardinal,Miami Hurricanes,2026-11-06
Louisville Cardinals,Virginia Cavaliers,2026-11-06
Arizona State Sun Devils,Texas Tech Red Raiders,2026-11-06
South Carolina Gamecocks,Florida Gators,2026-11-06
Penn State Nittany Lions,Minnesota Golden Gophers,2026-11-06
Iowa Hawkeyes,Indiana Hoosiers,2026-11-06
Georgia Bulldogs,Auburn Tigers,2026-11-06
NC State Wolfpack,Georgia Tech Yellow Jackets,2026-11-06
Stetson Hatters,Queens University Royals,2026-11-06
Wichita State Shockers,North Texas Mean Green,2026-11-06
Rice Owls,UTSA Roadrunners,2026-11-06
Davidson Wildcats,Saint Louis Billikens,2026-11-06
Rhode Island Rams,Dayton Flyers,2026-11-06
George Mason Patriots,Loyola Chicago Ramblers,2026-11-06
Providence Friars,St. John's Red Storm,2026-11-06
Belmont Bruins,Northern Iowa Panthers,2026-11-06
Southern Illinois Salukis,Drake Bulldogs,2026-11-06
Murray State Racers,Evansville Purple Aces,2026-11-06
UIC Flames,Illinois State Redbirds,2026-11-06
Liberty Flames,Western Kentucky Hilltoppers,2026-11-06
Arkansas State Red Wolves,Louisiana Tech Bulldogs,2026-11-06
Northern Kentucky Norse,Green Bay Phoenix,2026-11-06
Wright State Raiders,Milwaukee Panthers,2026-11-06
Lehigh Mountain Hawks,Colgate Raiders,2026-11-06
North Alabama Lions,Central Arkansas Bears,2026-11-06
Louisiana Ragin' Cajuns,UL Monroe Warhawks,2026-11-06
Morehead State Eagles,SIU Edwardsville Cougars,2026-11-06
South Alabama Jaguars,Southern Miss Golden Eagles,2026-11-06
Florida A&M Rattlers,Texas Southern Tigers,2026-11-06
Southern Jaguars,Arkansas-Pine Bluff Golden Lions,2026-11-06
Bethune-Cookman Wildcats,Prairie View A&M Panthers,2026-11-06
Alabama State Hornets,Mississippi Valley State Delta Devils,2026-11-06
Alabama A&M Bulldogs,Jackson State Tigers,2026-11-06
Alcorn State Braves,Grambling Tigers,2026-11-06
Western Carolina Catamounts,Tennessee Tech Golden Eagles,2026-11-06
Southern Indiana Screaming Eagles,Tennessee State Tigers,2026-11-06
TCU Horned Frogs,Houston Cougars,2026-11-06
Cincinnati Bearcats,Kansas State Wildcats,2026-11-06
Memphis Tigers,Tulane Green Wave,2026-11-06
Alabama Crimson Tide,Kentucky Wildcats,2026-11-06
Texas A&M Aggies,Vanderbilt Commodores,2026-11-06
Missouri State Bears,New Mexico State Aggies,2026-11-06
UC Davis Aggies,UTEP Miners,2026-11-06
Omaha Mavericks,St. Thomas Tommies,2026-11-06
Northern Colorado Bears,Eastern Washington Eagles,2026-11-06
Long Beach State 49ers,Cal Poly Mustangs,2026-11-06
UC Riverside Highlanders,Cal State Bakersfield Roadrunners,2026-11-06
Oregon State Beavers,Utah State Aggies,2026-11-06
Northwestern Wildcats,Washington Huskies,2026-11-06
Cal State Fullerton Titans,UC Santa Barbara Gauchos,2026-11-06
Ohio State Buckeyes,Michigan State Spartans,2026-11-06
Eastern Washington Eagles,Idaho Vandals,2026-11-06
Rhode Island Rams,Dayton Flyers,2026-11-07
West Georgia Wolves,Austin Peay Governors,2026-11-07
McNeese Cowboys,Lamar Cardinals,2026-11-07
South Dakota Coyotes,Oral Roberts Golden Eagles,2026-11-07
Missouri State Bears,New Mexico State Aggies,2026-11-07
Wright State Raiders,Milwaukee Panthers,2026-11-07
Fairfield Stags,Saint Peter's Peacocks,2026-11-07
Old Dominion Monarchs,James Madison Dukes,2026-11-07
Mercyhurst Lakers,Chicago State Cougars,2026-11-07
Le Moyne Dolphins,Central Connecticut Blue Devils,2026-11-07
Nicholls Colonels,Stephen F. Austin Lumberjacks,2026-11-07
San José State Spartans,Grand Canyon Lopes,2026-11-07
Davidson Wildcats,Saint Louis Billikens,2026-11-07
George Washington Revolutionaries,Duquesne Dukes,2026-11-07
VCU Rams,Fordham Rams,2026-11-07
San Diego Toreros,Denver Pioneers,2026-11-07
South Dakota State Jackrabbits,Kansas City Kangaroos,2026-11-07
Murray State Racers,Indiana State Sycamores,2026-11-07
Stony Brook Seawolves,Campbell Fighting Camels,2026-11-07
Charleston Cougars,UNC Wilmington Seahawks,2026-11-07
UNC Asheville Bulldogs,Presbyterian Blue Hose,2026-11-07
Florida International Panthers,Delaware Blue Hens,2026-11-07
Liberty Flames,Western Kentucky Hilltoppers,2026-11-07
Arkansas State Red Wolves,Louisiana Tech Bulldogs,2026-11-07
Northern Kentucky Norse,Green Bay Phoenix,2026-11-07
Northern Illinois Huskies,Purdue Fort Wayne Mastodons,2026-11-07
Marist Red Foxes,Canisius Golden Griffins,2026-11-07
Manhattan Jaspers,Merrimack Warriors,2026-11-07
Siena Saints,Niagara Purple Eagles,2026-11-07
Sacred Heart Pioneers,Rider Broncs,2026-11-07
Abilene Christian Wildcats,UT Arlington Mavericks,2026-11-07
Little Rock Trojans,Tarleton State Texans,2026-11-07
Louisiana Ragin' Cajuns,UL Monroe Warhawks,2026-11-07
Boise State Broncos,Colorado State Rams,2026-11-07
Fresno State Bulldogs,Texas State Bobcats,2026-11-07
South Alabama Jaguars,Southern Miss Golden Eagles,2026-11-07
East Texas A&M Lions,Texas A&M-Corpus Christi Islanders,2026-11-07
Houston Christian Huskies,Incarnate Word Cardinals,2026-11-07
Northwestern State Demons,UT Rio Grande Valley Vaqueros,2026-11-07
Radford Highlanders,Winthrop Eagles,2026-11-07
Creighton Bluejays,Xavier Musketeers,2026-11-07
BYU Cougars,Iowa State Cyclones,2026-11-07
George Mason Patriots,Loyola Chicago Ramblers,2026-11-07
Pepperdine Waves,Pacific Tigers,2026-11-07
Seattle U Redhawks,San Francisco Dons,2026-11-07
Providence Friars,Seton Hall Pirates,2026-11-07
Elon Phoenix,North Carolina A&T Aggies,2026-11-07
Washington State Cougars,Gonzaga Bulldogs,2026-11-07
Hofstra Pride,Towson Tigers,2026-11-07
Iona Gaels,Quinnipiac Bobcats,2026-11-07
New Mexico Lobos,Air Force Falcons,2026-11-07
Samford Bulldogs,UNC Greensboro Spartans,2026-11-07
Southern Indiana Screaming Eagles,Tennessee State Tigers,2026-11-07
Portland Pilots,Santa Clara Broncos,2026-11-07
Southern Utah Thunderbirds,Idaho State Bengals,2026-11-07
Utah Tech Trailblazers,Weber State Wildcats,2026-11-07
UC San Diego Tritons,Sacramento State Hornets,2026-11-07
UC Irvine Anteaters,Utah Valley Wolverines,2026-11-07
Lehigh Mountain Hawks,Holy Cross Crusaders,2026-11-07
Youngstown State Penguins,Oakland Golden Grizzlies,2026-11-07
Central Michigan Chippewas,Akron Zips,2026-11-07
Ball State Cardinals,Buffalo Bulls,2026-11-07
Bowling Green Falcons,Western Michigan Broncos,2026-11-07
Miami (OH) RedHawks,Kent State Golden Flashes,2026-11-07
UNLV Rebels,Wyoming Cowboys,2026-11-07
Morehead State Eagles,SIU Edwardsville Cougars,2026-11-07
Furman Paladins,Wofford Terriers,2026-11-07
Long Island University Sharks,Stonehill Skyhawks,2026-11-07
Loyola Marymount Lions,Saint Mary's Gaels,2026-11-07
UConn Huskies,St. John's Red Storm,2026-11-07
DePaul Blue Demons,Villanova Wildcats,2026-11-07
Valparaiso VALPARAISO,Evansville Purple Aces,2026-11-07
Brown Bears,Cornell Big Red,2026-11-07
Yale Bulldogs,Columbia Lions,2026-11-07
Dartmouth Big Green,Pennsylvania Quakers,2026-11-07
Harvard Crimson,Princeton Tigers,2026-11-07
Robert Morris Colonials,Cleveland State Vikings,2026-11-07
New Haven Chargers,Fairleigh Dickinson Knights,2026-11-07
Lipscomb Bisons,North Florida Ospreys,2026-11-07
Belmont Bruins,Drake Bulldogs,2026-11-07
UIC Flames,Bradley Braves,2026-11-07
Southern Illinois Salukis,Northern Iowa Panthers,2026-11-07
Marquette Golden Eagles,Georgetown Hoyas,2026-11-07
South Carolina Upstate Spartans,Charleston Southern Buccaneers,2026-11-07
High Point Panthers,Gardner-Webb Runnin' Bulldogs,2026-11-07
Bucknell Bison,Colgate Raiders,2026-11-07
Bellarmine Knights,Jacksonville Dolphins,2026-11-07
UCLA Bruins,Purdue Boilermakers,2026-11-07
USC Trojans,Rutgers Scarlet Knights,2026-11-07
Michigan Wolverines,Maryland Terrapins,2026-11-07
UC Riverside Highlanders,Cal State Northridge Matadors,2026-11-07
North Dakota Fighting Hawks,North Dakota State Bison,2026-11-07
Western Carolina Catamounts,Tennessee Tech Golden Eagles,2026-11-07
Portland State Vikings,Montana Grizzlies,2026-11-07
Northern Arizona Lumberjacks,Montana State Bobcats,2026-11-07
Cal State Fullerton Titans,Cal Poly Mustangs,2026-11-07
California Baptist Lancers,Cal State Bakersfield Roadrunners,2026-11-07
Nebraska Cornhuskers,Oregon Ducks,2026-11-07
Long Beach State 49ers,UC Santa Barbara Gauchos,2026-11-07
Nevada Wolf Pack,Hawai'i Rainbow Warriors,2026-11-07
Nebraska Cornhuskers,Washington Huskies,2026-11-07
Penn State Nittany Lions,Wisconsin Badgers,2026-11-07
Bryant Bulldogs,UAlbany Great Danes,2026-11-07
NJIT Highlanders,Binghamton Bearcats,2026-11-08
Florida Gulf Coast Eagles,Queens University Royals,2026-11-08
Tulsa Golden Hurricane,East Carolina Pirates,2026-11-08
Rice Owls,Temple Owls,2026-11-08
Hampton Pirates,William & Mary Tribe,2026-11-08
North Carolina Tar Heels,Pittsburgh Panthers,2026-11-08
Mississippi State Bulldogs,Kentucky Wildcats,2026-11-08
Stanford Cardinal,Florida State Seminoles,2026-11-08
Louisville Cardinals,Virginia Tech Hokies,2026-11-08
Georgia Bulldogs,Florida Gators,2026-11-08
Creighton Bluejays,Butler Bulldogs,2026-11-08
Colorado Buffaloes,West Virginia Mountaineers,2026-11-08
Syracuse Orange,Boston College Eagles,2026-11-08
NC State Wolfpack,Clemson Tigers,2026-11-08
Wake Forest Demon Deacons,Georgia Tech Yellow Jackets,2026-11-08
Notre Dame Fighting Irish,Virginia Cavaliers,2026-11-08
California Golden Bears,Miami Hurricanes,2026-11-08
Houston Cougars,UCF Knights,2026-11-08
Army Black Knights,Lafayette Leopards,2026-11-08
Delaware State Hornets,Coppin State Eagles,2026-11-08
Howard Bison,South Carolina State Bulldogs,2026-11-08
Norfolk State Spartans,North Carolina Central Eagles,2026-11-08
Stetson Hatters,West Florida Argonauts,2026-11-08
Bethune-Cookman Wildcats,Texas Southern Tigers,2026-11-08
Florida A&M Rattlers,Prairie View A&M Panthers,2026-11-08
Alabama A&M Bulldogs,Mississippi Valley State Delta Devils,2026-11-08
Alabama State Hornets,Jackson State Tigers,2026-11-08
Alcorn State Braves,Arkansas-Pine Bluff Golden Lions,2026-11-08
Maryland Eastern Shore Hawks,Morgan State Bears,2026-11-08
Tulane Green Wave,Charlotte 49ers,2026-11-08
UAB Blazers,South Florida Bulls,2026-11-08
Duke Blue Devils,SMU Mustangs,2026-11-08
Texas Longhorns,Vanderbilt Commodores,2026-11-08
Alabama Crimson Tide,Tennessee Volunteers,2026-11-08
Illinois Fighting Illini,Indiana Hoosiers,2026-11-08
Cincinnati Bearcats,Kansas Jayhawks,2026-11-08
Oklahoma Sooners,LSU Tigers,2026-11-08
Arizona Wildcats,Texas Tech Red Raiders,2026-11-08
North Texas Mean Green,Memphis Tigers,2026-11-08
Wichita State Shockers,UTSA Roadrunners,2026-11-08
Navy Midshipmen,Loyola Maryland Greyhounds,2026-11-08
UC Davis Aggies,UTEP Miners,2026-11-08
Utah Utes,Arizona State Sun Devils,2026-11-08
Minnesota Golden Gophers,Iowa Hawkeyes,2026-11-08
Texas A&M Aggies,Missouri Tigers,2026-11-08
South Carolina Gamecocks,Auburn Tigers,2026-11-08
Arkansas Razorbacks,Ole Miss Rebels,2026-11-08
Baylor Bears,Kansas State Wildcats,2026-11-08
Miami (OH) RedHawks,Ohio Bobcats,2026-11-08
Southern Jaguars,Grambling Tigers,2026-11-08
Northwestern Wildcats,Oregon Ducks,2026-11-08
Indiana State Sycamores,Evansville Purple Aces,2026-11-10
Gardner-Webb Runnin' Bulldogs,Elon Phoenix,2026-11-10
IU Indianapolis Jaguars,Northern Kentucky Norse,2026-11-10
Akron Zips,Buffalo Bulls,2026-11-10
West Georgia Wolves,North Alabama Lions,2026-11-10
Utah Tech Trailblazers,Southern Utah Thunderbirds,2026-11-10
Notre Dame Fighting Irish,Pittsburgh Panthers,2026-11-11
Penn State Nittany Lions,Maryland Terrapins,2026-11-11
Ohio State Buckeyes,Michigan Wolverines,2026-11-11
UTSA Roadrunners,North Texas Mean Green,2026-11-11
Villanova Wildcats,Georgetown Hoyas,2026-11-11
Indiana Hoosiers,Minnesota Golden Gophers,2026-11-11
Auburn Tigers,Alabama Crimson Tide,2026-11-11
Washington Huskies,UCLA Bruins,2026-11-12
Saint Louis Billikens,Rhode Island Rams,2026-11-12
Wisconsin Badgers,Rutgers Scarlet Knights,2026-11-12
Purdue Boilermakers,Michigan State Spartans,2026-11-12
Elon Phoenix,North Carolina Central Eagles,2026-11-12
UNC Wilmington Seahawks,Hampton Pirates,2026-11-12
Delaware Blue Hens,Liberty Flames,2026-11-12
Louisiana Tech Bulldogs,Georgia State Panthers,2026-11-12
Milwaukee Panthers,Youngstown State Penguins,2026-11-12
Ohio Bobcats,Miami (OH) RedHawks,2026-11-12
Little Rock Trojans,West Georgia Wolves,2026-11-12
Western Illinois Leathernecks,Morehead State Eagles,2026-11-12
Southern Miss Golden Eagles,Marshall Thundering Herd,2026-11-12
Samford Bulldogs,Furman Paladins,2026-11-12
Tennessee Tech Golden Eagles,Wofford Terriers,2026-11-12
North Carolina Tar Heels,Duke Blue Devils,2026-11-12
Illinois Fighting Illini,Nebraska Cornhuskers,2026-11-12
Jacksonville State Gamecocks,Missouri State Bears,2026-11-12
Western Kentucky Hilltoppers,Sam Houston Bearkats,2026-11-12
Oakland Golden Grizzlies,Northern Illinois Huskies,2026-11-12
Central Arkansas Bears,Abilene Christian Wildcats,2026-11-12
Austin Peay Governors,UT Arlington Mavericks,2026-11-12
Eastern Kentucky Colonels,Tarleton State Texans,2026-11-12
Georgia Southern Eagles,South Alabama Jaguars,2026-11-12
San Diego State Aztecs,Texas State Bobcats,2026-11-12
Tennessee State Tigers,Lindenwood Lions,2026-11-12
SIU Edwardsville Cougars,Eastern Illinois Panthers,2026-11-12
Southeast Missouri State Redhawks,Southern Indiana Screaming Eagles,2026-11-12
UT Rio Grande Valley Vaqueros,Incarnate Word Cardinals,2026-11-12
Nicholls Colonels,McNeese Cowboys,2026-11-12
West Virginia Mountaineers,Houston Cougars,2026-11-12
Kansas City Kangaroos,Omaha Mavericks,2026-11-12
East Texas A&M Lions,Northwestern State Demons,2026-11-12
Texas A&M-Corpus Christi Islanders,Houston Christian Huskies,2026-11-12
Stephen F. Austin Lumberjacks,SE Louisiana Lions,2026-11-12
Lamar Cardinals,LSU New Orleans Privateers,2026-11-12
Louisville Cardinals,SMU Mustangs,2026-11-12
BYU Cougars,Baylor Bears,2026-11-12
Iowa Hawkeyes,Northwestern Wildcats,2026-11-12
North Dakota State Bison,South Dakota Coyotes,2026-11-12
North Dakota Fighting Hawks,South Dakota State Jackrabbits,2026-11-12
Southern Utah Thunderbirds,Northern Colorado Bears,2026-11-12
Fresno State Bulldogs,Colorado State Rams,2026-11-12
Oral Roberts Golden Eagles,St. Thomas Tommies,2026-11-12
Weber State Wildcats,Northern Arizona Lumberjacks,2026-11-12
UC Davis Aggies,Wyoming Cowboys,2026-11-12
Oregon Ducks,USC Trojans,2026-11-12
Kansas Jayhawks,Colorado Buffaloes,2026-11-12
Denver Pioneers,Loyola Marymount Lions,2026-11-12
Pacific Tigers,Seattle U Redhawks,2026-11-12
Saint Mary's Gaels,Portland Pilots,2026-11-12
Texas Tech Red Raiders,Utah Utes,2026-11-12
Montana State Bobcats,Eastern Washington Eagles,2026-11-12
Montana Grizzlies,Idaho Vandals,2026-11-12
Utah State Aggies,Washington State Cougars,2026-11-12
Oregon State Beavers,Gonzaga Bulldogs,2026-11-12
UTEP Miners,Grand Canyon Lopes,2026-11-12
San José State Spartans,Nevada Wolf Pack,2026-11-12
New Mexico Lobos,UNLV Rebels,2026-11-12
San Diego Toreros,Pepperdine Waves,2026-11-12
Idaho State Bengals,Portland State Vikings,2026-11-12
Air Force Falcons,Hawai'i Rainbow Warriors,2026-11-12
Queens University Royals,West Florida Argonauts,2026-11-13
Saint Louis Billikens,Rhode Island Rams,2026-11-13
UNC Wilmington Seahawks,Hampton Pirates,2026-11-13
Western Kentucky Hilltoppers,Sam Houston Bearkats,2026-11-13
Louisiana Tech Bulldogs,Georgia State Panthers,2026-11-13
Delaware Blue Hens,Liberty Flames,2026-11-13
Milwaukee Panthers,Robert Morris Colonials,2026-11-13
UMBC Retrievers,NJIT Highlanders,2026-11-13
Butler Bulldogs,Providence Friars,2026-11-13
Towson Tigers,Stony Brook Seawolves,2026-11-13
Canisius Golden Griffins,Fairfield Stags,2026-11-13
Saint Peter's Peacocks,Iona Gaels,2026-11-13
Western Illinois Leathernecks,Morehead State Eagles,2026-11-13
SIU Edwardsville Cougars,Eastern Illinois Panthers,2026-11-13
New Hampshire Wildcats,Bryant Bulldogs,2026-11-13
Jacksonville Dolphins,North Florida Ospreys,2026-11-13
East Carolina Pirates,Florida Atlantic Owls,2026-11-13
Dayton Flyers,VCU Rams,2026-11-13
Duquesne Dukes,George Mason Patriots,2026-11-13
Loyola Chicago Ramblers,George Washington Revolutionaries,2026-11-13
Xavier Musketeers,UConn Huskies,2026-11-13
Campbell Fighting Camels,Charleston Cougars,2026-11-13
North Carolina A&T Aggies,Hofstra Pride,2026-11-13
Princeton Tigers,Brown Bears,2026-11-13
Columbia Lions,Dartmouth Big Green,2026-11-13
Cornell Big Red,Harvard Crimson,2026-11-13
Presbyterian Blue Hose,Charleston Southern Buccaneers,2026-11-13
Gardner-Webb Runnin' Bulldogs,Winthrop Eagles,2026-11-13
Pennsylvania Quakers,Yale Bulldogs,2026-11-13
South Carolina Upstate Spartans,UNC Asheville Bulldogs,2026-11-13
Bucknell Bison,American University Eagles,2026-11-13
New Mexico State Aggies,Florida International Panthers,2026-11-13
Cleveland State Vikings,Northern Illinois Huskies,2026-11-13
Green Bay Phoenix,Youngstown State Penguins,2026-11-13
Wright State Raiders,Northern Kentucky Norse,2026-11-13
Oakland Golden Grizzlies,Purdue Fort Wayne Mastodons,2026-11-13
Fairleigh Dickinson Knights,Le Moyne Dolphins,2026-11-13
Rider Broncs,Manhattan Jaspers,2026-11-13
Merrimack Warriors,Siena Saints,2026-11-13
Kent State Golden Flashes,Ball State Cardinals,2026-11-13
Eastern Michigan Eagles,Bowling Green Falcons,2026-11-13
Buffalo Bulls,Ohio Bobcats,2026-11-13
Miami (OH) RedHawks,Western Michigan Broncos,2026-11-13
Coppin State Eagles,Morgan State Bears,2026-11-13
Maryland Eastern Shore Hawks,Delaware State Hornets,2026-11-13
Norfolk State Spartans,Howard Bison,2026-11-13
North Carolina Central Eagles,South Carolina State Bulldogs,2026-11-13
App State Mountaineers,Troy Trojans,2026-11-13
Long Island University Sharks,Mercyhurst Lakers,2026-11-13
Chicago State Cougars,New Haven Chargers,2026-11-13
Southeast Missouri State Redhawks,Southern Indiana Screaming Eagles,2026-11-13
Southern Miss Golden Eagles,Marshall Thundering Herd,2026-11-13
UL Monroe Warhawks,Old Dominion Monarchs,2026-11-13
Chattanooga Mocs,The Citadel Bulldogs,2026-11-13
East Tennessee State Buccaneers,Western Carolina Catamounts,2026-11-13
Samford Bulldogs,Furman Paladins,2026-11-13
UNC Greensboro Spartans,Mercer Bears,2026-11-13
Jackson State Tigers,Bethune-Cookman Wildcats,2026-11-13
Tennessee Tech Golden Eagles,Wofford Terriers,2026-11-13
Stonehill Skyhawks,Central Connecticut Blue Devils,2026-11-13
Miami Hurricanes,Syracuse Orange,2026-11-13
High Point Panthers,Radford Highlanders,2026-11-13
UCF Knights,Cincinnati Bearcats,2026-11-13
Toledo Rockets,Central Michigan Chippewas,2026-11-13
Kentucky Wildcats,South Carolina Gamecocks,2026-11-13
Louisville Cardinals,SMU Mustangs,2026-11-13
Wisconsin Badgers,Ohio State Buckeyes,2026-11-13
Florida Gators,Mississippi State Bulldogs,2026-11-13
Georgetown Hoyas,Creighton Bluejays,2026-11-13
Tennessee Volunteers,Georgia Bulldogs,2026-11-13
Missouri Tigers,Oklahoma Sooners,2026-11-13
Florida State Seminoles,Boston College Eagles,2026-11-13
Virginia Tech Hokies,NC State Wolfpack,2026-11-13
Maryland Terrapins,Rutgers Scarlet Knights,2026-11-13
Charlotte 49ers,Rice Owls,2026-11-13
Temple Owls,Wichita State Shockers,2026-11-13
Fordham Rams,Davidson Wildcats,2026-11-13
Virginia Cavaliers,Wake Forest Demon Deacons,2026-11-13
Bradley Braves,Belmont Bruins,2026-11-13
Drake Bulldogs,Valparaiso VALPARAISO,2026-11-13
Evansville Purple Aces,Southern Illinois Salukis,2026-11-13
Illinois State Redbirds,Murray State Racers,2026-11-13
Northern Iowa Panthers,UIC Flames,2026-11-13
Army Black Knights,Lehigh Mountain Hawks,2026-11-13
Jacksonville State Gamecocks,Missouri State Bears,2026-11-13
Middle Tennessee Blue Raiders,Kennesaw State Owls,2026-11-13
Niagara Purple Eagles,Sacred Heart Pioneers,2026-11-13
Quinnipiac Bobcats,Marist Red Foxes,2026-11-13
James Madison Dukes,Arkansas State Red Wolves,2026-11-13
Coastal Carolina Chanticleers,Louisiana Ragin' Cajuns,2026-11-13
Georgia Southern Eagles,South Alabama Jaguars,2026-11-13
Tennessee State Tigers,Lindenwood Lions,2026-11-13
Arkansas-Pine Bluff Golden Lions,Texas Southern Tigers,2026-11-13
Southern Jaguars,Alabama A&M Bulldogs,2026-11-13
Grambling Tigers,Prairie View A&M Panthers,2026-11-13
Mississippi Valley State Delta Devils,Florida A&M Rattlers,2026-11-13
Alcorn State Braves,Alabama State Hornets,2026-11-13
Ole Miss Rebels,Texas Longhorns,2026-11-13
TCU Horned Frogs,Kansas State Wildcats,2026-11-13
LSU Tigers,Texas A&M Aggies,2026-11-13
Tulsa Golden Hurricane,Memphis Tigers,2026-11-13
North Texas Mean Green,UAB Blazers,2026-11-13
South Florida Bulls,Tulane Green Wave,2026-11-13
Vanderbilt Commodores,Arkansas Razorbacks,2026-11-13
St. John's Red Storm,DePaul Blue Demons,2026-11-13
Seton Hall Pirates,Marquette Golden Eagles,2026-11-13
Utah Tech Trailblazers,Northern Colorado Bears,2026-11-13
Utah Valley Wolverines,Cal Poly Mustangs,2026-11-13
California Baptist Lancers,Cal State Fullerton Titans,2026-11-13
Cal State Northridge Matadors,UC Irvine Anteaters,2026-11-13
Cal State Bakersfield Roadrunners,UC San Diego Tritons,2026-11-13
Clemson Tigers,Stanford Cardinal,2026-11-13
Georgia Tech Yellow Jackets,California Golden Bears,2026-11-13
UC Riverside Highlanders,Long Beach State 49ers,2026-11-13
Sacramento State Hornets,UC Santa Barbara Gauchos,2026-11-13
Air Force Falcons,Hawai'i Rainbow Warriors,2026-11-13
Iowa Hawkeyes,Nebraska Cornhuskers,2026-11-13
Idaho State Bengals,Northern Arizona Lumberjacks,2026-11-13
Texas A&M-Corpus Christi Islanders,Incarnate Word Cardinals,2026-11-14
Texas Tech Red Raiders,BYU Cougars,2026-11-14
Fordham Rams,Davidson Wildcats,2026-11-14
Dayton Flyers,VCU Rams,2026-11-14
Loyola Chicago Ramblers,George Washington Revolutionaries,2026-11-14
Kansas City Kangaroos,St. Thomas Tommies,2026-11-14
Towson Tigers,Stony Brook Seawolves,2026-11-14
New Mexico State Aggies,Florida International Panthers,2026-11-14
Colgate Raiders,Lafayette Leopards,2026-11-14
Fairleigh Dickinson Knights,Le Moyne Dolphins,2026-11-14
Niagara Purple Eagles,Fairfield Stags,2026-11-14
Eastern Kentucky Colonels,Abilene Christian Wildcats,2026-11-14
Austin Peay Governors,Tarleton State Texans,2026-11-14
James Madison Dukes,Arkansas State Red Wolves,2026-11-14
Long Island University Sharks,Mercyhurst Lakers,2026-11-14
Chicago State Cougars,New Haven Chargers,2026-11-14
Lamar Cardinals,SE Louisiana Lions,2026-11-14
Stonehill Skyhawks,Central Connecticut Blue Devils,2026-11-14
Utah Utes,Houston Cougars,2026-11-14
North Dakota State Bison,South Dakota State Jackrabbits,2026-11-14
Oral Roberts Golden Eagles,Omaha Mavericks,2026-11-14
William & Mary Tribe,Northeastern Huskies,2026-11-14
Middle Tennessee Blue Raiders,Kennesaw State Owls,2026-11-14
Rider Broncs,Iona Gaels,2026-11-14
Saint Peter's Peacocks,Manhattan Jaspers,2026-11-14
Quinnipiac Bobcats,Siena Saints,2026-11-14
Central Arkansas Bears,UT Arlington Mavericks,2026-11-14
Little Rock Trojans,North Alabama Lions,2026-11-14
App State Mountaineers,Troy Trojans,2026-11-14
Fresno State Bulldogs,Boise State Broncos,2026-11-14
UL Monroe Warhawks,Old Dominion Monarchs,2026-11-14
Northwestern State Demons,East Texas A&M Lions,2026-11-14
UT Rio Grande Valley Vaqueros,Houston Christian Huskies,2026-11-14
Stephen F. Austin Lumberjacks,LSU New Orleans Privateers,2026-11-14
McNeese Cowboys,Nicholls Colonels,2026-11-14
Chattanooga Mocs,The Citadel Bulldogs,2026-11-14
UNC Greensboro Spartans,Mercer Bears,2026-11-14
Duquesne Dukes,George Mason Patriots,2026-11-14
Denver Pioneers,Pepperdine Waves,2026-11-14
Xavier Musketeers,Providence Friars,2026-11-14
Oregon State Beavers,Washington State Cougars,2026-11-14
Green Bay Phoenix,Robert Morris Colonials,2026-11-14
Coastal Carolina Chanticleers,Louisiana Ragin' Cajuns,2026-11-14
UTEP Miners,Grand Canyon Lopes,2026-11-14
Colorado State Rams,San Diego State Aztecs,2026-11-14
Utah State Aggies,Gonzaga Bulldogs,2026-11-14
Pacific Tigers,Portland Pilots,2026-11-14
Saint Mary's Gaels,Seattle U Redhawks,2026-11-14
San Diego Toreros,Loyola Marymount Lions,2026-11-14
San Francisco Dons,Santa Clara Broncos,2026-11-14
Butler Bulldogs,UConn Huskies,2026-11-14
Campbell Fighting Camels,Charleston Cougars,2026-11-14
North Carolina A&T Aggies,Hofstra Pride,2026-11-14
Holy Cross Crusaders,Loyola Maryland Greyhounds,2026-11-14
Navy Midshipmen,Lehigh Mountain Hawks,2026-11-14
Purdue Fort Wayne Mastodons,Wright State Raiders,2026-11-14
Ball State Cardinals,Eastern Michigan Eagles,2026-11-14
San José State Spartans,Nevada Wolf Pack,2026-11-14
New Mexico Lobos,UNLV Rebels,2026-11-14
East Tennessee State Buccaneers,Western Carolina Catamounts,2026-11-14
Bellarmine Knights,Lipscomb Bisons,2026-11-14
Montana Grizzlies,Eastern Washington Eagles,2026-11-14
Pennsylvania Quakers,Brown Bears,2026-11-14
Columbia Lions,Harvard Crimson,2026-11-14
Cornell Big Red,Dartmouth Big Green,2026-11-14
Princeton Tigers,Yale Bulldogs,2026-11-14
UC Riverside Highlanders,Cal State Fullerton Titans,2026-11-14
Cleveland State Vikings,IU Indianapolis Jaguars,2026-11-14
Western Michigan Broncos,Central Michigan Chippewas,2026-11-14
Purdue Boilermakers,Michigan Wolverines,2026-11-14
Florida Gulf Coast Eagles,Stetson Hatters,2026-11-14
St. John's Red Storm,Marquette Golden Eagles,2026-11-14
Seton Hall Pirates,DePaul Blue Demons,2026-11-14
Illinois State Redbirds,Belmont Bruins,2026-11-14
Bradley Braves,Murray State Racers,2026-11-14
Drake Bulldogs,UIC Flames,2026-11-14
North Dakota Fighting Hawks,South Dakota Coyotes,2026-11-14
Indiana State Sycamores,Southern Illinois Salukis,2026-11-14
Northern Iowa Panthers,Valparaiso VALPARAISO,2026-11-14
Canisius Golden Griffins,Sacred Heart Pioneers,2026-11-14
Marist Red Foxes,Merrimack Warriors,2026-11-14
Kent State Golden Flashes,Akron Zips,2026-11-14
Sacramento State Hornets,Cal Poly Mustangs,2026-11-14
Bowling Green Falcons,Toledo Rockets,2026-11-14
Penn State Nittany Lions,Illinois Fighting Illini,2026-11-14
Michigan State Spartans,Minnesota Golden Gophers,2026-11-14
Northwestern Wildcats,Indiana Hoosiers,2026-11-14
Oregon Ducks,UCLA Bruins,2026-11-14
Montana State Bobcats,Idaho Vandals,2026-11-14
Weber State Wildcats,Portland State Vikings,2026-11-14
Cal State Bakersfield Roadrunners,UC Irvine Anteaters,2026-11-14
Cal State Northridge Matadors,UC San Diego Tritons,2026-11-14
California Baptist Lancers,Long Beach State 49ers,2026-11-14
UC Davis Aggies,Wyoming Cowboys,2026-11-14
Georgia Tech Yellow Jackets,Stanford Cardinal,2026-11-14
Washington Huskies,USC Trojans,2026-11-14
Utah Valley Wolverines,UC Santa Barbara Gauchos,2026-11-14
Mississippi Valley State Delta Devils,Bethune-Cookman Wildcats,2026-11-15
Miami Hurricanes,Boston College Eagles,2026-11-15
Arizona State Sun Devils,Arizona Wildcats,2026-11-15
Tennessee Volunteers,South Carolina Gamecocks,2026-11-15
Duke Blue Devils,North Carolina Tar Heels,2026-11-15
Ole Miss Rebels,Texas A&M Aggies,2026-11-15
Binghamton Bearcats,UMBC Retrievers,2026-11-15
Virginia Cavaliers,NC State Wolfpack,2026-11-15
UAlbany Great Danes,New Hampshire Wildcats,2026-11-15
East Carolina Pirates,South Florida Bulls,2026-11-15
Virginia Tech Hokies,Wake Forest Demon Deacons,2026-11-15
UCF Knights,West Virginia Mountaineers,2026-11-15
Southern Jaguars,Alabama State Hornets,2026-11-15
Arkansas-Pine Bluff Golden Lions,Prairie View A&M Panthers,2026-11-15
Jackson State Tigers,Florida A&M Rattlers,2026-11-15
Alcorn State Braves,Alabama A&M Bulldogs,2026-11-15
Florida Atlantic Owls,Charlotte 49ers,2026-11-15
Florida State Seminoles,Syracuse Orange,2026-11-15
Kentucky Wildcats,Georgia Bulldogs,2026-11-15
Notre Dame Fighting Irish,SMU Mustangs,2026-11-15
LSU Tigers,Texas Longhorns,2026-11-15
Villanova Wildcats,Creighton Bluejays,2026-11-15
Memphis Tigers,UTSA Roadrunners,2026-11-15
Rice Owls,Tulane Green Wave,2026-11-15
Temple Owls,Tulsa Golden Hurricane,2026-11-15
Wichita State Shockers,UAB Blazers,2026-11-15
William & Mary Tribe,Northeastern Huskies,2026-11-15
Florida Gators,Alabama Crimson Tide,2026-11-15
TCU Horned Frogs,Kansas Jayhawks,2026-11-15
Baylor Bears,Colorado Buffaloes,2026-11-15
Auburn Tigers,Mississippi State Bulldogs,2026-11-15
Missouri Tigers,Arkansas Razorbacks,2026-11-15
Vanderbilt Commodores,Oklahoma Sooners,2026-11-15
Grambling Tigers,Texas Southern Tigers,2026-11-15
Clemson Tigers,California Golden Bears,2026-11-15
Louisville Cardinals,Pittsburgh Panthers,2026-11-15
Cincinnati Bearcats,Iowa State Cyclones,2026-11-16
Northern Colorado Bears,Montana Grizzlies,2026-11-16
Michigan Wolverines,Michigan State Spartans,2026-11-17
Rutgers Scarlet Knights,Penn State Nittany Lions,2026-11-17
Purdue Boilermakers,Indiana Hoosiers,2026-11-17
Illinois Fighting Illini,Iowa Hawkeyes,2026-11-17
Maryland Terrapins,Ohio State Buckeyes,2026-11-17
Lindenwood Lions,Western Illinois Leathernecks,2026-11-17
Southern Indiana Screaming Eagles,SIU Edwardsville Cougars,2026-11-17
Eastern Illinois Panthers,Southeast Missouri State Redhawks,2026-11-17
UT Martin Skyhawks,Tennessee State Tigers,2026-11-17
Northwestern Wildcats,Wisconsin Badgers,2026-11-17
Washington Huskies,Oregon Ducks,2026-11-17
Texas State Bobcats,Colorado State Rams,2026-11-17
Minnesota Golden Gophers,Nebraska Cornhuskers,2026-11-17
Boise State Broncos,Washington State Cougars,2026-11-17
San Diego State Aztecs,Oregon State Beavers,2026-11-17
Utah State Aggies,Fresno State Bulldogs,2026-11-17
USC Trojans,UCLA Bruins,2026-11-17
Wyoming Cowboys,New Mexico Lobos,2026-11-18
Eastern Illinois Panthers,Southeast Missouri State Redhawks,2026-11-18
UNLV Rebels,San José State Spartans,2026-11-18
Southern Indiana Screaming Eagles,SIU Edwardsville Cougars,2026-11-18
Clemson Tigers,Georgia Tech Yellow Jackets,2026-11-18
Lindenwood Lions,Western Illinois Leathernecks,2026-11-18
UT Martin Skyhawks,Tennessee State Tigers,2026-11-18
Idaho Vandals,Weber State Wildcats,2026-11-18
Northern Arizona Lumberjacks,Utah Tech Trailblazers,2026-11-18
Nevada Wolf Pack,Air Force Falcons,2026-11-18
Eastern Washington Eagles,Idaho State Bengals,2026-11-18
Northern Colorado Bears,Montana State Bobcats,2026-11-18
Portland State Vikings,Southern Utah Thunderbirds,2026-11-18
Grand Canyon Lopes,UC Davis Aggies,2026-11-18
Hawai'i Rainbow Warriors,UTEP Miners,2026-11-18
Utah Valley Wolverines,Cal State Bakersfield Roadrunners,2026-11-19
UNLV Rebels,San José State Spartans,2026-11-19
Kansas State Wildcats,Texas Tech Red Raiders,2026-11-19
Seattle U Redhawks,Denver Pioneers,2026-11-19
Nevada Wolf Pack,Air Force Falcons,2026-11-19
Wyoming Cowboys,New Mexico Lobos,2026-11-19
Cincinnati Bearcats,Utah Utes,2026-11-19
San Francisco Dons,Pacific Tigers,2026-11-19
Gonzaga Bulldogs,Washington State Cougars,2026-11-19
Boise State Broncos,Oregon State Beavers,2026-11-19
Grand Canyon Lopes,UC Davis Aggies,2026-11-19
Hawai'i Rainbow Warriors,UTEP Miners,2026-11-19
Texas State Bobcats,Fresno State Bulldogs,2026-11-19
San Diego State Aztecs,Utah State Aggies,2026-11-19
Arizona Wildcats,BYU Cougars,2026-11-19
Santa Clara Broncos,Saint Mary's Gaels,2026-11-19
Portland Pilots,San Diego Toreros,2026-11-19
Florida State Seminoles,Duke Blue Devils,2026-11-20
NC State Wolfpack,Notre Dame Fighting Irish,2026-11-20
Pittsburgh Panthers,Virginia Cavaliers,2026-11-20
Wake Forest Demon Deacons,Louisville Cardinals,2026-11-20
SMU Mustangs,Virginia Tech Hokies,2026-11-20
Miami Hurricanes,North Carolina Tar Heels,2026-11-20
West Virginia Mountaineers,Kansas Jayhawks,2026-11-20
Georgia Tech Yellow Jackets,Clemson Tigers,2026-11-20
Arizona State Sun Devils,TCU Horned Frogs,2026-11-20
Colorado Buffaloes,Houston Cougars,2026-11-20
Iowa State Cyclones,Baylor Bears,2026-11-20
Eastern Washington Eagles,Weber State Wildcats,2026-11-20
Portland State Vikings,Utah Tech Trailblazers,2026-11-20
Northern Arizona Lumberjacks,Southern Utah Thunderbirds,2026-11-20
Idaho Vandals,Idaho State Bengals,2026-11-20
Montana Grizzlies,Montana State Bobcats,2026-11-20
Cal Poly Mustangs,UC Riverside Highlanders,2026-11-20
Sacramento State Hornets,Cal State Bakersfield Roadrunners,2026-11-20
UC Irvine Anteaters,Cal State Fullerton Titans,2026-11-20
Utah Valley Wolverines,Cal State Northridge Matadors,2026-11-20
UC Santa Barbara Gauchos,California Baptist Lancers,2026-11-20
Syracuse Orange,Stanford Cardinal,2026-11-20
Boston College Eagles,California Golden Bears,2026-11-20
UC San Diego Tritons,Long Beach State 49ers,2026-11-20
Cincinnati Bearcats,BYU Cougars,2026-11-21
Portland Pilots,Denver Pioneers,2026-11-21
Seattle U Redhawks,San Diego Toreros,2026-11-21
Loyola Marymount Lions,Pepperdine Waves,2026-11-21
San Francisco Dons,Saint Mary's Gaels,2026-11-21
Santa Clara Broncos,Pacific Tigers,2026-11-21
Arizona Wildcats,Utah Utes,2026-11-21
Sacramento State Hornets,Cal State Northridge Matadors,2026-11-21
UC Santa Barbara Gauchos,UC Riverside Highlanders,2026-11-21
Cal Poly Mustangs,California Baptist Lancers,2026-11-21
UC Irvine Anteaters,Long Beach State 49ers,2026-11-21
UC San Diego Tritons,Cal State Fullerton Titans,2026-11-21
Pittsburgh Panthers,Virginia Tech Hokies,2026-11-22
NC State Wolfpack,Louisville Cardinals,2026-11-22
SMU Mustangs,Virginia Cavaliers,2026-11-22
Florida State Seminoles,North Carolina Tar Heels,2026-11-22
Colorado Buffaloes,UCF Knights,2026-11-22
Miami Hurricanes,Duke Blue Devils,2026-11-22
Wake Forest Demon Deacons,Notre Dame Fighting Irish,2026-11-22
Houston Cougars,Texas Tech Red Raiders,2026-11-22
West Virginia Mountaineers,Kansas State Wildcats,2026-11-22
Arizona State Sun Devils,Baylor Bears,2026-11-22
Iowa State Cyclones,TCU Horned Frogs,2026-11-22
Boston College Eagles,Stanford Cardinal,2026-11-22
Syracuse Orange,California Golden Bears,2026-11-22
Denver Pioneers,San Francisco Dons,2026-11-23
San Diego Toreros,Santa Clara Broncos,2026-11-23
Florida State Seminoles,Clemson Tigers,2026-11-24
Pittsburgh Panthers,Stanford Cardinal,2026-11-24
Texas Tech Red Raiders,Cincinnati Bearcats,2026-11-25
Miami Hurricanes,NC State Wolfpack,2026-11-25
Wake Forest Demon Deacons,Virginia Tech Hokies,2026-11-25
BYU Cougars,UCF Knights,2026-11-25
Louisville Cardinals,North Carolina Tar Heels,2026-11-25
Georgia Tech Yellow Jackets,SMU Mustangs,2026-11-25
Boston College Eagles,Virginia Cavaliers,2026-11-25
Baylor Bears,West Virginia Mountaineers,2026-11-25
Portland Pilots,Pepperdine Waves,2026-11-25
Notre Dame Fighting Irish,California Golden Bears,2026-11-25
Seattle U Redhawks,Loyola Marymount Lions,2026-11-25
Duke Blue Devils,Syracuse Orange,2026-11-25
Denver Pioneers,Santa Clara Broncos,2026-11-25
Houston Cougars,Iowa State Cyclones,2026-11-25
San Diego Toreros,San Francisco Dons,2026-11-25
Kansas State Wildcats,Arizona State Sun Devils,2026-11-25
TCU Horned Frogs,Utah Utes,2026-11-25
Kansas Jayhawks,Arizona Wildcats,2026-11-25
North Carolina Tar Heels,Miami Hurricanes,2026-11-27
Baylor Bears,Cincinnati Bearcats,2026-11-27
Utah Utes,UCF Knights,2026-11-27
Iowa State Cyclones,Colorado Buffaloes,2026-11-27
Clemson Tigers,Wake Forest Demon Deacons,2026-11-27
Texas Tech Red Raiders,West Virginia Mountaineers,2026-11-27
Kansas State Wildcats,Arizona Wildcats,2026-11-27
TCU Horned Frogs,BYU Cougars,2026-11-27
Kansas Jayhawks,Arizona State Sun Devils,2026-11-27
High Point Panthers,Minnesota Golden Gophers,2026-11-27
NC State Wolfpack,Pittsburgh Panthers,2026-11-28
SMU Mustangs,Louisville Cardinals,2026-11-28
California Golden Bears,Boston College Eagles,2026-11-28
Syracuse Orange,Notre Dame Fighting Irish,2026-11-28
Virginia Cavaliers,Florida State Seminoles,2026-11-28
Stanford Cardinal,Georgia Tech Yellow Jackets,2026-11-28
Virginia Tech Hokies,Duke Blue Devils,2026-11-28
Seattle U Redhawks,Pepperdine Waves,2026-11-28
Portland Pilots,Loyola Marymount Lions,2026-11-28
Saint Mary's Gaels,Pacific Tigers,2026-11-28
NC State Wolfpack,Pittsburgh Panthers,2026-11-29
